{"type":"FeatureCollection","features":[{"type":"Feature","properties":{"planningAreaCode":"BD","planningAreaName":"BEDOK"},"geometry":{"type":"Polygon","coordinates":[[[103.93208,1.305548],[103.932436,1.305529],[103.93267,1.305257],[103.933092,1.305385],[103.933542,1.305183],[103.933555,1.304875],[103.9346,1.305698],[103.934882,1.3058],[103.93506,1.305734],[103.935,1.305644],[103.936357,1.306426],[103.936735,1.30644],[103.936783,1.30621],[103.938562,1.307111],[103.938773,1.307167],[103.938846,1.307034],[103.939333,1.30732],[103.939815,1.3073],[103.941265,1.308111],[103.941221,1.30845],[103.941338,1.308154],[103.942587,1.308711],[103.943067,1.30851],[103.944078,1.309197],[103.944365,1.309085],[103.948573,1.310374],[103.949041,1.310356],[103.949027,1.310229],[103.950591,1.310808],[103.951246,1.310694],[103.951206,1.310508],[103.953088,1.311103],[103.953362,1.311041],[103.953378,1.31087],[103.955041,1.311617],[103.955649,1.311571],[103.955821,1.311393],[103.955746,1.311204],[103.957797,1.312512],[103.958328,1.312513],[103.958376,1.312301],[103.960661,1.313807],[103.961035,1.313865],[103.961208,1.313724],[103.96117,1.31355],[103.961529,1.313949],[103.96274,1.3146],[103.962833,1.314506],[103.963157,1.314683],[103.963634,1.31442],[103.960395,1.321367],[103.954172,1.326604],[103.948975,1.334334],[103.940604,1.335956],[103.938649,1.336491],[103.929757,1.34525],[103.926298,1.347443],[103.92497,1.348585],[103.924216,1.348042],[103.920092,1.346238],[103.919246,1.345718],[103.916934,1.343759],[103.915896,1.342275],[103.912995,1.344463],[103.908798,1.340894],[103.908527,1.341117],[103.908691,1.34054],[103.908445,1.340042],[103.907591,1.339165],[103.902331,1.339203],[103.902098,1.3387],[103.899918,1.339315],[103.89794,1.340357],[103.896176,1.337797],[103.904823,1.329453],[103.905659,1.328017],[103.905849,1.326599],[103.904983,1.31983],[103.905086,1.31761],[103.905461,1.31628],[103.907663,1.311073],[103.908429,1.308503],[103.909983,1.305547],[103.91826,1.307471],[103.918594,1.306555],[103.919509,1.301993],[103.919771,1.301823],[103.921092,1.30257],[103.921467,1.302632],[103.921463,1.302383],[103.923346,1.303219],[103.923682,1.303204],[103.923818,1.302799],[103.925201,1.303588],[103.925821,1.30357],[103.926006,1.303174],[103.926664,1.303656],[103.92696,1.30366],[103.927001,1.303415],[103.927484,1.303743],[103.928079,1.30365],[103.929377,1.304483],[103.929564,1.304296],[103.930388,1.304838],[103.931501,1.305049],[103.93208,1.305548]]]}},{"type":"Feature","properties":{"planningAreaCode":"BL","planningAreaName":"BOON LAY"},"geometry":{"type":"Polygon","coordinates":[[[103.720424,1.32824],[103.721059,1.329836],[103.721062,1.331654],[103.71327,1.329321],[103.706696,1.327767],[103.696508,1.327763],[103.696535,1.322742],[103.696267,1.318253],[103.695875,1.315222],[103.693161,1.315339],[103.68997,1.314821],[103.684635,1.3119],[103.681104,1.310624],[103.681559,1.309195],[103.682089,1.309198],[103.68252,1.308905],[103.682862,1.306121],[103.683026,1.305839],[103.682995,1.305084],[103.683158,1.30473],[103.683741,1.299075],[103.687763,1.299758],[103.687745,1.299874],[103.688727,1.299842],[103.688858,1.300028],[103.690974,1.299889],[103.692541,1.300313],[103.693751,1.300941],[103.693739,1.303421],[103.693527,1.304292],[103.693548,1.305092],[103.694027,1.306615],[103.695061,1.307864],[103.695574,1.306629],[103.694669,1.305897],[103.694369,1.304907],[103.695293,1.303162],[103.695613,1.300493],[103.696198,1.300085],[103.696179,1.299618],[103.69941,1.299526],[103.699417,1.302287],[103.699553,1.302656],[103.69938,1.303364],[103.698694,1.303848],[103.697967,1.305331],[103.697421,1.305769],[103.696884,1.30652],[103.696315,1.306881],[103.695789,1.306707],[103.695255,1.307952],[103.695332,1.307784],[103.696928,1.307789],[103.697284,1.307554],[103.698069,1.306406],[103.698944,1.305575],[103.698952,1.3053],[103.699322,1.305019],[103.700002,1.304921],[103.701372,1.304138],[103.701659,1.304315],[103.702309,1.304006],[103.702409,1.301837],[103.70778,1.302062],[103.707746,1.302919],[103.707343,1.302903],[103.707824,1.304855],[103.708276,1.305369],[103.708469,1.305389],[103.708389,1.30762],[103.709829,1.307752],[103.709773,1.309441],[103.709834,1.310349],[103.710023,1.310328],[103.710078,1.311677],[103.709812,1.314091],[103.717886,1.314621],[103.719477,1.314308],[103.720236,1.318124],[103.720349,1.319494],[103.720252,1.320589],[103.719182,1.325832],[103.719367,1.326484],[103.720424,1.32824]]]}},{"type":"Feature","properties":{"planningAreaCode":"BK","planningAreaName":"BUKIT BATOK"},"geometry":{"type":"Polygon","coordinates":[[[103.764079,1.370011],[103.763277,1.371613],[103.762092,1.377814],[103.76124,1.379669],[103.757897,1.378245],[103.755754,1.377109],[103.754294,1.376628],[103.75381,1.376279],[103.752972,1.375211],[103.751955,1.372692],[103.751284,1.371728],[103.744317,1.365371],[103.739819,1.359845],[103.737533,1.357454],[103.736727,1.356096],[103.736516,1.354466],[103.737771,1.350782],[103.738263,1.348813],[103.73814,1.347559],[103.737264,1.346003],[103.739227,1.345186],[103.742422,1.344839],[103.744009,1.344298],[103.760924,1.334742],[103.764608,1.332818],[103.765641,1.332453],[103.765605,1.335784],[103.765328,1.335452],[103.764501,1.336611],[103.764147,1.339356],[103.764686,1.339577],[103.765125,1.342108],[103.766896,1.342217],[103.766861,1.342671],[103.767135,1.342794],[103.765754,1.343691],[103.765368,1.344624],[103.764199,1.345021],[103.763183,1.346713],[103.765361,1.347235],[103.767004,1.347237],[103.770384,1.349016],[103.769583,1.353281],[103.768757,1.355593],[103.767703,1.357199],[103.76746,1.357869],[103.767078,1.360962],[103.767647,1.363434],[103.767543,1.364523],[103.767022,1.365571],[103.764079,1.370011]]]}},{"type":"Feature","properties":{"planningAreaCode":"BM","planningAreaName":"BUKIT MERAH"},"geometry":{"type":"Polygon","coordinates":[[[103.82367,1.260837],[103.823645,1.258416],[103.824011,1.258232],[103.824082,1.260158],[103.824843,1.259014],[103.825877,1.258141],[103.826634,1.257715],[103.828,1.257475],[103.828683,1.257151],[103.828552,1.256809],[103.827832,1.256919],[103.828436,1.256666],[103.82856,1.256766],[103.828699,1.25713],[103.829325,1.256792],[103.830505,1.256749],[103.830603,1.25703],[103.830888,1.256932],[103.831063,1.257435],[103.831187,1.257393],[103.831131,1.257089],[103.831231,1.257373],[103.831248,1.257053],[103.831343,1.25733],[103.831899,1.257163],[103.831833,1.256946],[103.831534,1.256814],[103.831729,1.256645],[103.831264,1.25642],[103.836369,1.25481],[103.839196,1.256199],[103.83927,1.256045],[103.840141,1.256499],[103.840073,1.25663],[103.842477,1.257862],[103.836194,1.26381],[103.830421,1.263628],[103.824407,1.260194],[103.824112,1.261281],[103.824118,1.263085],[103.82464,1.263158],[103.832081,1.267414],[103.839283,1.267641],[103.845943,1.261543],[103.846734,1.262428],[103.844283,1.265541],[103.845701,1.266837],[103.85126,1.260732],[103.85207,1.261458],[103.850669,1.263043],[103.851218,1.263541],[103.851797,1.263572],[103.851843,1.264088],[103.851743,1.264141],[103.851655,1.263857],[103.851571,1.264141],[103.851564,1.269263],[103.847689,1.271725],[103.846851,1.272081],[103.845571,1.272355],[103.845677,1.272564],[103.842155,1.272589],[103.841135,1.274724],[103.840597,1.277547],[103.839242,1.280792],[103.838585,1.281474],[103.836413,1.282872],[103.835343,1.284069],[103.834758,1.285855],[103.835017,1.287409],[103.83501,1.289221],[103.833428,1.29237],[103.831045,1.29208],[103.828597,1.29272],[103.826106,1.292425],[103.824389,1.29193],[103.821617,1.293572],[103.817868,1.293929],[103.817403,1.294333],[103.81705,1.294366],[103.815977,1.294106],[103.815364,1.291523],[103.809579,1.29248],[103.808946,1.29243],[103.805067,1.288004],[103.803017,1.286616],[103.801336,1.28353],[103.801303,1.282779],[103.803025,1.27932],[103.803116,1.27873],[103.802013,1.275349],[103.802209,1.272694],[103.80185,1.27271],[103.801863,1.272464],[103.79921,1.268202],[103.800176,1.267219],[103.801299,1.266451],[103.801001,1.265889],[103.802425,1.264808],[103.805128,1.262303],[103.805409,1.262708],[103.805381,1.26374],[103.805636,1.263582],[103.805527,1.263756],[103.806526,1.264687],[103.806279,1.265006],[103.807218,1.265882],[103.807583,1.265483],[103.808595,1.264995],[103.809498,1.265173],[103.809706,1.265016],[103.809885,1.265233],[103.810187,1.264993],[103.811191,1.266395],[103.812405,1.266417],[103.813314,1.265983],[103.814939,1.264512],[103.813021,1.263666],[103.813114,1.26374],[103.812768,1.264254],[103.812936,1.264425],[103.812466,1.264245],[103.812179,1.264839],[103.811666,1.264902],[103.811319,1.264654],[103.811075,1.264064],[103.81029,1.263722],[103.810333,1.263214],[103.810591,1.262977],[103.811197,1.262946],[103.811309,1.262578],[103.813411,1.262976],[103.813113,1.26353],[103.815052,1.264409],[103.815761,1.263839],[103.81957,1.263239],[103.819717,1.26294],[103.819626,1.262165],[103.81806,1.262176],[103.818061,1.261958],[103.819863,1.261947],[103.819907,1.26309],[103.823251,1.263073],[103.823423,1.261846],[103.823398,1.260835],[103.823163,1.260123],[103.823348,1.259463],[103.823202,1.258642],[103.823467,1.258507],[103.823641,1.260557],[103.823517,1.260808],[103.823568,1.26307],[103.823642,1.26307],[103.823534,1.261022],[103.82367,1.260837]]]}},{"type":"Feature","properties":{"planningAreaCode":"BP","planningAreaName":"BUKIT PANJANG"},"geometry":{"type":"Polygon","coordinates":[[[103.77445,1.390289],[103.764956,1.390766],[103.762205,1.390368],[103.7581,1.389025],[103.755129,1.388866],[103.755997,1.387189],[103.756825,1.386028],[103.759428,1.383042],[103.761889,1.378418],[103.763277,1.371613],[103.763853,1.37036],[103.767446,1.364796],[103.767647,1.363434],[103.767078,1.360962],[103.76746,1.357869],[103.767703,1.357199],[103.768757,1.355593],[103.769583,1.353281],[103.770336,1.349115],[103.772114,1.346344],[103.775844,1.344101],[103.777828,1.341857],[103.779472,1.342487],[103.781131,1.342271],[103.781923,1.342501],[103.783772,1.343103],[103.787154,1.344589],[103.787694,1.344957],[103.788306,1.345693],[103.786177,1.348575],[103.786757,1.348659],[103.787708,1.349365],[103.78777,1.34894],[103.789269,1.349118],[103.789377,1.349073],[103.789397,1.347905],[103.790142,1.348728],[103.791656,1.34927],[103.790504,1.351105],[103.789392,1.352294],[103.785573,1.354861],[103.783657,1.356483],[103.781581,1.359096],[103.780636,1.361068],[103.779873,1.363782],[103.778955,1.368995],[103.775977,1.379828],[103.775359,1.383114],[103.77445,1.390289]]]}},{"type":"Feature","properties":{"planningAreaCode":"BT","planningAreaName":"BUKIT TIMAH"},"geometry":{"type":"Polygon","coordinates":[[[103.797658,1.348128],[103.795693,1.349174],[103.793421,1.349543],[103.792436,1.349464],[103.790396,1.348863],[103.78982,1.34846],[103.789397,1.347905],[103.789377,1.349073],[103.78777,1.34894],[103.787708,1.349365],[103.786757,1.348659],[103.786177,1.348575],[103.788306,1.345693],[103.787374,1.344712],[103.783772,1.343103],[103.781923,1.342501],[103.781131,1.342271],[103.779472,1.342487],[103.777828,1.341857],[103.775844,1.344101],[103.772114,1.346344],[103.770384,1.349016],[103.767004,1.347237],[103.765361,1.347235],[103.763183,1.346713],[103.764199,1.345021],[103.765368,1.344624],[103.765754,1.343691],[103.767135,1.342794],[103.766861,1.342671],[103.766896,1.342217],[103.765125,1.342108],[103.764686,1.339577],[103.764147,1.339356],[103.764501,1.336611],[103.765328,1.335452],[103.765605,1.335784],[103.765641,1.332453],[103.764608,1.332818],[103.764826,1.332403],[103.765712,1.331672],[103.766085,1.331667],[103.767077,1.33119],[103.767633,1.331436],[103.76813,1.331212],[103.769117,1.329987],[103.77051,1.329466],[103.775645,1.326427],[103.775308,1.325858],[103.774624,1.325239],[103.77327,1.32477],[103.772809,1.324421],[103.771103,1.321887],[103.770847,1.321265],[103.770783,1.32052],[103.771201,1.318733],[103.777432,1.314292],[103.778682,1.313094],[103.781649,1.312293],[103.784748,1.310976],[103.784844,1.311281],[103.785347,1.311088],[103.785278,1.311939],[103.785805,1.313621],[103.78559,1.314442],[103.785053,1.314483],[103.784791,1.315012],[103.786683,1.315799],[103.787698,1.314594],[103.789601,1.313283],[103.790534,1.311923],[103.790857,1.310822],[103.791181,1.310321],[103.791064,1.31086],[103.791209,1.311331],[103.793132,1.313391],[103.794949,1.312228],[103.796108,1.312081],[103.795527,1.309921],[103.796038,1.309933],[103.796802,1.309649],[103.797502,1.308776],[103.796842,1.307974],[103.797702,1.307254],[103.798419,1.306916],[103.799352,1.308526],[103.799761,1.309653],[103.800322,1.30874],[103.802266,1.307196],[103.804592,1.31423],[103.804939,1.314903],[103.808993,1.318703],[103.811586,1.320141],[103.81294,1.321636],[103.813689,1.325015],[103.814069,1.328611],[103.816414,1.332459],[103.818069,1.334591],[103.818618,1.335787],[103.816748,1.336347],[103.816064,1.337262],[103.814614,1.338335],[103.81358,1.338198],[103.812366,1.338952],[103.81165,1.339572],[103.811688,1.340455],[103.809861,1.340906],[103.809902,1.341745],[103.808575,1.341811],[103.807374,1.341029],[103.806808,1.341335],[103.805853,1.34109],[103.805137,1.341345],[103.804213,1.341352],[103.797658,1.348128]]]}},{"type":"Feature","properties":{"planningAreaCode":"CC","planningAreaName":"CENTRAL WATER CATCHMENT"},"geometry":{"type":"Polygon","coordinates":[[[103.808754,1.40696],[103.805777,1.414355],[103.804981,1.414723],[103.803428,1.415966],[103.802435,1.416214],[103.799857,1.415756],[103.796886,1.414985],[103.789559,1.412545],[103.787339,1.412228],[103.784963,1.41158],[103.783221,1.410903],[103.780132,1.410721],[103.777171,1.410877],[103.776036,1.410776],[103.772951,1.409924],[103.771682,1.409991],[103.773616,1.401309],[103.773865,1.398716],[103.774044,1.393534],[103.775359,1.383114],[103.775977,1.379828],[103.778955,1.368995],[103.780258,1.362156],[103.781581,1.359096],[103.783152,1.357033],[103.785573,1.354861],[103.789392,1.352294],[103.790504,1.351105],[103.791656,1.34927],[103.793421,1.349543],[103.795072,1.349344],[103.796438,1.348882],[103.797658,1.348128],[103.804213,1.341352],[103.805137,1.341345],[103.805853,1.34109],[103.806808,1.341335],[103.807374,1.341029],[103.808575,1.341811],[103.809902,1.341745],[103.809861,1.340906],[103.811688,1.340455],[103.81165,1.339572],[103.812366,1.338952],[103.81358,1.338198],[103.814614,1.338335],[103.816064,1.337262],[103.816748,1.336347],[103.818618,1.335787],[103.820061,1.339181],[103.821128,1.339957],[103.82319,1.340684],[103.8248,1.34115],[103.826392,1.341248],[103.827859,1.341186],[103.829287,1.340799],[103.832972,1.340421],[103.83393,1.34061],[103.83528,1.341266],[103.83652,1.341996],[103.835925,1.342709],[103.837076,1.34346],[103.836779,1.346357],[103.835782,1.34629],[103.834558,1.347679],[103.835248,1.347318],[103.835611,1.34739],[103.833987,1.349142],[103.83384,1.349574],[103.833277,1.349412],[103.833198,1.349633],[103.832351,1.349797],[103.832069,1.350085],[103.832073,1.350817],[103.829819,1.353118],[103.826738,1.354194],[103.823547,1.352323],[103.819037,1.354181],[103.818537,1.35487],[103.819163,1.357447],[103.820694,1.361201],[103.824344,1.361776],[103.824528,1.361678],[103.825396,1.363306],[103.826698,1.362586],[103.826708,1.362735],[103.827105,1.362691],[103.827194,1.363628],[103.827566,1.364059],[103.828235,1.366463],[103.8283,1.367472],[103.827333,1.369268],[103.827391,1.369601],[103.827956,1.370471],[103.8279,1.371991],[103.827398,1.372962],[103.826562,1.373227],[103.826322,1.373445],[103.826586,1.374419],[103.826301,1.376191],[103.826731,1.376842],[103.827832,1.377408],[103.827715,1.378359],[103.827282,1.379094],[103.825818,1.379749],[103.825143,1.379556],[103.824289,1.378751],[103.823944,1.378651],[103.823508,1.378875],[103.822765,1.37972],[103.821644,1.379587],[103.821211,1.379825],[103.820871,1.380372],[103.820474,1.380541],[103.819592,1.380513],[103.81806,1.380159],[103.817775,1.380309],[103.817792,1.380636],[103.819341,1.383389],[103.819452,1.38535],[103.818746,1.386766],[103.818046,1.386685],[103.817362,1.386393],[103.816897,1.386586],[103.816736,1.38692],[103.81706,1.387719],[103.81807,1.388262],[103.818384,1.38862],[103.817987,1.389403],[103.817955,1.389931],[103.818749,1.393447],[103.818822,1.394341],[103.816443,1.395096],[103.815634,1.395572],[103.81453,1.396669],[103.81391,1.397826],[103.812996,1.400356],[103.811809,1.402726],[103.808754,1.40696]]]}},{"type":"Feature","properties":{"planningAreaCode":"CH","planningAreaName":"CHANGI"},"geometry":{"type":"Polygon","coordinates":[[[103.982765,1.393319],[103.982295,1.393696],[103.982688,1.393781],[103.981055,1.39347],[103.981431,1.393395],[103.981022,1.392938],[103.980444,1.392677],[103.97932,1.39271],[103.979318,1.392542],[103.979302,1.392705],[103.976497,1.392393],[103.976147,1.392087],[103.975285,1.391732],[103.974907,1.391059],[103.974636,1.391049],[103.974666,1.390678],[103.974184,1.390813],[103.973836,1.390438],[103.973549,1.38948],[103.973097,1.388996],[103.973285,1.388846],[103.972874,1.387632],[103.974558,1.38605],[103.978665,1.378763],[103.978528,1.378084],[103.978191,1.377468],[103.974858,1.374045],[103.975663,1.373278],[103.979335,1.372312],[103.979898,1.371583],[103.979946,1.370682],[103.979112,1.369581],[103.975837,1.366867],[103.974712,1.363786],[103.974214,1.362935],[103.971551,1.361508],[103.970277,1.360214],[103.969913,1.359432],[103.968603,1.354564],[103.968284,1.354095],[103.967756,1.353756],[103.964287,1.352699],[103.964963,1.350578],[103.965437,1.349482],[103.966533,1.347959],[103.967806,1.345668],[103.970256,1.341912],[103.971172,1.34098],[103.972416,1.34016],[103.979907,1.336958],[103.979675,1.336437],[103.980838,1.336162],[103.983469,1.335039],[103.983561,1.334276],[103.97856,1.322426],[103.980683,1.320774],[103.984812,1.318987],[103.98382,1.31668],[103.984253,1.316618],[103.984563,1.316037],[103.985192,1.313192],[103.9849,1.312616],[103.983938,1.312196],[103.983912,1.312025],[103.991274,1.314218],[103.999235,1.310796],[104.000588,1.310454],[104.002167,1.310414],[104.003128,1.310599],[104.005206,1.311498],[104.005621,1.311527],[104.006522,1.311331],[104.010707,1.309562],[104.011653,1.30946],[104.012743,1.309663],[104.013964,1.310396],[104.014868,1.311696],[104.015108,1.312622],[104.01535,1.31572],[104.014801,1.31568],[104.015063,1.316459],[104.031097,1.35471],[104.031394,1.35631],[104.031154,1.357365],[104.033445,1.360533],[104.032734,1.360988],[104.032117,1.360986],[104.027997,1.363696],[104.02116,1.366605],[104.020884,1.366991],[104.019822,1.367488],[104.013605,1.370098],[104.012908,1.370051],[104.01248,1.369854],[104.011433,1.368946],[104.010056,1.36865],[104.008932,1.368788],[104.005889,1.370037],[104.00585,1.370399],[104.006075,1.371106],[104.006824,1.372514],[104.008696,1.372587],[104.008859,1.37276],[104.008862,1.373642],[104.00785,1.373634],[104.00761,1.373482],[104.00687,1.373822],[104.006164,1.374507],[104.005467,1.376235],[104.004326,1.377744],[104.003766,1.379597],[104.002859,1.381645],[104.001154,1.384568],[104.000467,1.386763],[103.999131,1.388935],[103.998903,1.38914],[103.998533,1.389167],[103.998457,1.389421],[103.997272,1.390291],[103.99608,1.390648],[103.995146,1.391361],[103.994639,1.391531],[103.993114,1.39158],[103.991901,1.392039],[103.990245,1.392333],[103.988033,1.393133],[103.984222,1.393515],[103.984365,1.393286],[103.983929,1.393157],[103.982765,1.393319]]]}},{"type":"Feature","properties":{"planningAreaCode":"CK","planningAreaName":"CHOA CHU KANG"},"geometry":{"type":"Polygon","coordinates":[[[103.748601,1.405409],[103.746018,1.405488],[103.744542,1.403822],[103.743912,1.402734],[103.743391,1.401047],[103.742662,1.396106],[103.742075,1.394713],[103.74072,1.392532],[103.74029,1.391524],[103.740163,1.390347],[103.740293,1.389487],[103.74157,1.386613],[103.732667,1.378934],[103.734984,1.376394],[103.738042,1.374024],[103.740147,1.373063],[103.745433,1.371759],[103.748486,1.369052],[103.751683,1.372217],[103.752715,1.374786],[103.75381,1.376279],[103.754506,1.376732],[103.755754,1.377109],[103.757897,1.378245],[103.76124,1.379669],[103.759428,1.383042],[103.756825,1.386028],[103.755997,1.387189],[103.755129,1.388866],[103.753321,1.388999],[103.751994,1.398373],[103.752134,1.400312],[103.75285,1.402816],[103.75249,1.40383],[103.751909,1.404484],[103.751015,1.404944],[103.748601,1.405409]]]}},{"type":"Feature","properties":{"planningAreaCode":"CL","planningAreaName":"CLEMENTI"},"geometry":{"type":"Polygon","coordinates":[[[103.767069,1.331202],[103.766085,1.331667],[103.765458,1.331784],[103.765045,1.332098],[103.764608,1.332818],[103.760924,1.334742],[103.749415,1.341267],[103.748769,1.340137],[103.748661,1.339068],[103.750058,1.326638],[103.752178,1.322899],[103.751249,1.320159],[103.747625,1.31375],[103.74749,1.311702],[103.747801,1.309482],[103.748028,1.309305],[103.749,1.309444],[103.750227,1.309158],[103.751118,1.308731],[103.752752,1.307612],[103.753425,1.306784],[103.755322,1.302251],[103.757281,1.298372],[103.758571,1.299289],[103.758665,1.299217],[103.761024,1.301025],[103.762328,1.301344],[103.766172,1.29303],[103.766733,1.292216],[103.76737,1.29165],[103.769102,1.29387],[103.769488,1.294792],[103.769866,1.300419],[103.770606,1.301802],[103.771165,1.303491],[103.771276,1.306557],[103.772166,1.311363],[103.772266,1.312582],[103.771939,1.31512],[103.770783,1.32052],[103.770847,1.321265],[103.771103,1.321887],[103.772669,1.324277],[103.77327,1.32477],[103.774832,1.325389],[103.775645,1.326427],[103.77051,1.329466],[103.769117,1.329987],[103.76813,1.331212],[103.767633,1.331436],[103.767069,1.331202]]]}},{"type":"Feature","properties":{"planningAreaCode":"HG","planningAreaName":"HOUGANG"},"geometry":{"type":"Polygon","coordinates":[[[103.881516,1.387739],[103.879834,1.388516],[103.87809,1.388679],[103.876976,1.388479],[103.874755,1.387602],[103.87311,1.387335],[103.874189,1.38659],[103.875848,1.385111],[103.876377,1.384554],[103.876703,1.38393],[103.876908,1.382454],[103.876727,1.37902],[103.876994,1.375638],[103.876972,1.373837],[103.876147,1.368788],[103.87508,1.36613],[103.873442,1.362885],[103.873269,1.362185],[103.874172,1.358682],[103.875338,1.357427],[103.877176,1.354715],[103.878073,1.353878],[103.876493,1.352431],[103.877093,1.351958],[103.878655,1.351534],[103.879225,1.351032],[103.880201,1.348798],[103.88059,1.346874],[103.882389,1.344521],[103.883369,1.34253],[103.885252,1.340664],[103.886597,1.338927],[103.888366,1.335138],[103.888872,1.33356],[103.891933,1.334589],[103.893237,1.335282],[103.894712,1.336324],[103.896303,1.337944],[103.898452,1.341239],[103.899049,1.342762],[103.899169,1.34385],[103.899032,1.345051],[103.898363,1.347437],[103.896191,1.346774],[103.895324,1.347188],[103.895369,1.347293],[103.893817,1.347833],[103.893497,1.348763],[103.895726,1.354008],[103.897001,1.353458],[103.897244,1.353587],[103.898165,1.35577],[103.898493,1.356204],[103.899135,1.356317],[103.899661,1.35617],[103.900081,1.356956],[103.90162,1.357155],[103.901709,1.357302],[103.901974,1.357157],[103.906219,1.364994],[103.909252,1.374087],[103.910045,1.375856],[103.908521,1.378152],[103.907936,1.378694],[103.906305,1.3798],[103.905061,1.380352],[103.904196,1.380434],[103.897102,1.37938],[103.894849,1.380005],[103.891856,1.380054],[103.890894,1.3803],[103.883682,1.386307],[103.881516,1.387739]]]}},{"type":"Feature","properties":{"planningAreaCode":"JE","planningAreaName":"JURONG EAST"},"geometry":{"type":"MultiPolygon","coordinates":[[[[103.709829,1.30775],[103.709828,1.30775],[103.709828,1.30775],[103.709829,1.30775]]],[[[103.711878,1.29961],[103.722725,1.29957],[103.722727,1.299675],[103.721964,1.299682],[103.721965,1.299798],[103.720399,1.299814],[103.720863,1.300569],[103.720674,1.300893],[103.720917,1.301184],[103.715358,1.305899],[103.715292,1.305818],[103.714528,1.306297],[103.712777,1.306415],[103.712276,1.30701],[103.7122,1.308439],[103.715848,1.308417],[103.722514,1.302764],[103.727608,1.300271],[103.729654,1.301631],[103.730643,1.301242],[103.734252,1.300347],[103.734927,1.300333],[103.737891,1.299477],[103.73945,1.299332],[103.73983,1.299192],[103.739795,1.299034],[103.740856,1.298814],[103.743431,1.301322],[103.743703,1.300991],[103.74483,1.300882],[103.743892,1.299093],[103.743842,1.298478],[103.744152,1.298055],[103.746011,1.297287],[103.746948,1.297122],[103.747331,1.296871],[103.748467,1.296788],[103.749083,1.296503],[103.751414,1.296788],[103.751935,1.296672],[103.752747,1.296769],[103.754341,1.297065],[103.754303,1.297167],[103.755361,1.297123],[103.757281,1.298372],[103.755322,1.302251],[103.753425,1.306784],[103.752752,1.307612],[103.751118,1.308731],[103.750227,1.309158],[103.749,1.309444],[103.747949,1.309326],[103.747692,1.309933],[103.747467,1.312753],[103.747625,1.31375],[103.751249,1.320159],[103.752178,1.322899],[103.750194,1.326319],[103.749986,1.327083],[103.748632,1.339487],[103.748769,1.340137],[103.749415,1.341267],[103.745304,1.343643],[103.743497,1.344514],[103.74188,1.344936],[103.739227,1.345186],[103.737264,1.346003],[103.736005,1.34695],[103.732097,1.351114],[103.731325,1.351732],[103.728143,1.353609],[103.728161,1.344365],[103.726899,1.344397],[103.724311,1.34498],[103.721853,1.344917],[103.721835,1.343877],[103.7214,1.342784],[103.721609,1.341612],[103.723165,1.340346],[103.725039,1.336963],[103.724776,1.328682],[103.724928,1.327826],[103.726015,1.325032],[103.719599,1.323589],[103.720252,1.320589],[103.720349,1.319494],[103.720236,1.318124],[103.719477,1.314308],[103.717886,1.314621],[103.709812,1.314091],[103.710078,1.311677],[103.710023,1.310328],[103.709834,1.310349],[103.709773,1.309441],[103.709809,1.30798],[103.709828,1.307787],[103.709817,1.307952],[103.710812,1.308412],[103.711229,1.307754],[103.71143,1.306965],[103.711336,1.297363],[103.711853,1.297356],[103.711878,1.29961]],[[103.711854,1.307538],[103.711217,1.308732],[103.711645,1.308964],[103.712016,1.308964],[103.712023,1.307664],[103.711854,1.307538]]]]}},{"type":"Feature","properties":{"planningAreaCode":"JW","planningAreaName":"JURONG WEST"},"geometry":{"type":"Polygon","coordinates":[[[103.728161,1.344365],[103.728143,1.353609],[103.725533,1.354836],[103.724042,1.355268],[103.72332,1.355426],[103.718459,1.35571],[103.717461,1.355924],[103.714923,1.356954],[103.714073,1.357428],[103.712553,1.358697],[103.706246,1.364348],[103.704871,1.363074],[103.702199,1.360137],[103.696996,1.354037],[103.692547,1.348087],[103.690669,1.346222],[103.682721,1.340006],[103.681605,1.339523],[103.680494,1.33948],[103.679034,1.339181],[103.677916,1.338408],[103.677218,1.337227],[103.675514,1.331908],[103.674932,1.33105],[103.675777,1.330518],[103.679453,1.330203],[103.679344,1.327773],[103.706696,1.327767],[103.71327,1.329321],[103.721062,1.331654],[103.721118,1.330276],[103.720901,1.329221],[103.719367,1.326484],[103.719182,1.325832],[103.719599,1.323589],[103.726015,1.325032],[103.724928,1.327826],[103.724776,1.328682],[103.725039,1.336963],[103.723165,1.340346],[103.721609,1.341612],[103.7214,1.342784],[103.721835,1.343877],[103.721853,1.344917],[103.724311,1.34498],[103.726899,1.344397],[103.728161,1.344365]]]}},{"type":"Feature","properties":{"planningAreaCode":"PR","planningAreaName":"PASIR RIS"},"geometry":{"type":"Polygon","coordinates":[[[103.938483,1.397416],[103.934441,1.40117],[103.934079,1.401149],[103.930137,1.399696],[103.93004,1.400265],[103.930289,1.400291],[103.930179,1.400592],[103.924947,1.39833],[103.923421,1.397388],[103.9199,1.394317],[103.917182,1.391268],[103.916487,1.390322],[103.91514,1.387139],[103.914326,1.385926],[103.916064,1.383862],[103.918536,1.38129],[103.920649,1.379698],[103.923226,1.37859],[103.929018,1.377077],[103.934769,1.37445],[103.940745,1.371213],[103.94399,1.368395],[103.945616,1.367492],[103.947038,1.36702],[103.954126,1.365309],[103.956952,1.364074],[103.959314,1.36233],[103.96115,1.360242],[103.962613,1.357642],[103.964287,1.352699],[103.968088,1.353936],[103.968603,1.354564],[103.969913,1.359432],[103.970277,1.360214],[103.971551,1.361508],[103.974214,1.362935],[103.974712,1.363786],[103.975837,1.366867],[103.979112,1.369581],[103.979946,1.370682],[103.979898,1.371583],[103.979335,1.372312],[103.975663,1.373278],[103.974858,1.374045],[103.978191,1.377468],[103.978528,1.378084],[103.978665,1.378763],[103.974558,1.38605],[103.972874,1.387632],[103.972767,1.387315],[103.970697,1.386155],[103.969251,1.384389],[103.967365,1.383222],[103.967814,1.382001],[103.967609,1.381906],[103.967506,1.381087],[103.966224,1.380611],[103.965435,1.381667],[103.964759,1.382091],[103.963313,1.382],[103.961355,1.381547],[103.958111,1.38134],[103.954218,1.381782],[103.949241,1.38299],[103.943755,1.386703],[103.942869,1.387683],[103.942614,1.388448],[103.943212,1.391895],[103.943179,1.392619],[103.942905,1.393096],[103.940743,1.395242],[103.940363,1.395404],[103.939958,1.395329],[103.937775,1.393381],[103.936444,1.393],[103.936152,1.3934],[103.936537,1.394654],[103.938586,1.396594],[103.938684,1.397044],[103.938483,1.397416]]]}},{"type":"Feature","properties":{"planningAreaCode":"PN","planningAreaName":"PIONEER"},"geometry":{"type":"Polygon","coordinates":[[[103.696508,1.327763],[103.679344,1.327773],[103.679453,1.330203],[103.675777,1.330518],[103.674932,1.33105],[103.673729,1.330404],[103.672331,1.330196],[103.671207,1.329837],[103.667534,1.327888],[103.66651,1.327032],[103.665598,1.32598],[103.662896,1.322013],[103.65587,1.314534],[103.658204,1.312317],[103.65709,1.311131],[103.657098,1.310736],[103.657483,1.310421],[103.657324,1.310252],[103.657487,1.310058],[103.655765,1.308473],[103.654736,1.307106],[103.654527,1.306903],[103.654435,1.306995],[103.65385,1.306316],[103.653121,1.305205],[103.649808,1.301689],[103.651778,1.299355],[103.653752,1.301031],[103.656825,1.2975],[103.655868,1.296682],[103.656604,1.295865],[103.6577,1.296792],[103.659024,1.295743],[103.658639,1.294918],[103.659245,1.294605],[103.659361,1.29481],[103.664739,1.291879],[103.665436,1.29073],[103.665203,1.290356],[103.666586,1.288676],[103.672281,1.293404],[103.672827,1.293594],[103.674268,1.295119],[103.673985,1.295592],[103.674277,1.295341],[103.674342,1.295441],[103.671312,1.298709],[103.6709,1.29896],[103.670528,1.299634],[103.669457,1.300514],[103.669008,1.304307],[103.668874,1.304443],[103.668993,1.305124],[103.668793,1.306317],[103.672715,1.306811],[103.673018,1.302626],[103.673215,1.302714],[103.673273,1.302233],[103.678444,1.296615],[103.679111,1.297182],[103.679232,1.297054],[103.679777,1.297579],[103.680123,1.297184],[103.6819,1.298001],[103.681639,1.300074],[103.68176,1.300324],[103.681646,1.301238],[103.681457,1.301585],[103.681584,1.301602],[103.681415,1.302953],[103.681547,1.302972],[103.681098,1.304229],[103.681087,1.30566],[103.680695,1.308432],[103.6807,1.308822],[103.681559,1.309195],[103.681104,1.310624],[103.684635,1.3119],[103.68997,1.314821],[103.693161,1.315339],[103.695875,1.315222],[103.696026,1.316177],[103.696535,1.322742],[103.696508,1.327763]]]}},{"type":"Feature","properties":{"planningAreaCode":"PG","planningAreaName":"PUNGGOL"},"geometry":{"type":"Polygon","coordinates":[[[103.91082,1.421469],[103.907934,1.421027],[103.906956,1.420025],[103.905373,1.420373],[103.903927,1.420184],[103.901896,1.419104],[103.899943,1.417646],[103.898951,1.416438],[103.898131,1.414733],[103.897464,1.415015],[103.895711,1.411214],[103.893805,1.408838],[103.891104,1.406193],[103.888325,1.404722],[103.887607,1.404105],[103.887007,1.402979],[103.886807,1.401207],[103.895958,1.39998],[103.898573,1.399224],[103.901285,1.398165],[103.904477,1.396281],[103.907387,1.39385],[103.914326,1.385926],[103.91514,1.387139],[103.916487,1.390322],[103.9193,1.393709],[103.921234,1.395532],[103.924026,1.397813],[103.92704,1.399305],[103.930179,1.400592],[103.930113,1.401347],[103.929851,1.401305],[103.929812,1.401601],[103.930394,1.401783],[103.930905,1.402197],[103.931148,1.402746],[103.931158,1.403222],[103.93071,1.404047],[103.925877,1.408507],[103.923501,1.411204],[103.921336,1.412711],[103.919531,1.41335],[103.919109,1.413634],[103.918614,1.414141],[103.918805,1.414651],[103.918682,1.415022],[103.917444,1.415954],[103.916302,1.417235],[103.915552,1.417294],[103.915181,1.416947],[103.91503,1.416379],[103.914108,1.41625],[103.91392,1.418509],[103.913053,1.419918],[103.912643,1.421054],[103.91082,1.421469]]]}},{"type":"Feature","properties":{"planningAreaCode":"QT","planningAreaName":"QUEENSTOWN"},"geometry":{"type":"Polygon","coordinates":[[[103.784748,1.310976],[103.781649,1.312293],[103.778682,1.313094],[103.777432,1.314292],[103.771201,1.318733],[103.771753,1.316437],[103.772258,1.312149],[103.771276,1.306557],[103.771165,1.303491],[103.770606,1.301802],[103.769866,1.300419],[103.769621,1.295421],[103.769102,1.29387],[103.76737,1.29165],[103.766733,1.292216],[103.766102,1.293165],[103.762328,1.301344],[103.761024,1.301025],[103.758665,1.299217],[103.759363,1.298513],[103.759947,1.297609],[103.761852,1.295758],[103.762158,1.29535],[103.762109,1.295121],[103.762312,1.294946],[103.762624,1.295079],[103.763056,1.294459],[103.76073,1.290598],[103.772287,1.283646],[103.76913,1.278309],[103.756494,1.285852],[103.753012,1.28527],[103.750225,1.280564],[103.770673,1.268241],[103.776872,1.27867],[103.786633,1.272791],[103.778569,1.259183],[103.785514,1.255012],[103.793587,1.268629],[103.793818,1.26849],[103.793911,1.268645],[103.793725,1.268757],[103.793994,1.269209],[103.798314,1.266633],[103.800285,1.270082],[103.801863,1.272464],[103.80185,1.27271],[103.802209,1.272694],[103.802013,1.275349],[103.803128,1.27893],[103.801303,1.282779],[103.801262,1.283213],[103.801619,1.284164],[103.803017,1.286616],[103.805067,1.288004],[103.80813,1.291608],[103.809034,1.292467],[103.815364,1.291523],[103.816598,1.296767],[103.810489,1.296832],[103.809909,1.297164],[103.809207,1.298108],[103.808612,1.298363],[103.808941,1.299576],[103.808399,1.300311],[103.807732,1.29975],[103.80768,1.299951],[103.806681,1.299936],[103.806264,1.300173],[103.804804,1.300482],[103.803856,1.302542],[103.803556,1.304113],[103.803509,1.305588],[103.803192,1.30672],[103.802653,1.307218],[103.802266,1.307196],[103.800322,1.30874],[103.799761,1.309653],[103.799352,1.308526],[103.798419,1.306916],[103.797702,1.307254],[103.796842,1.307974],[103.797502,1.308776],[103.796802,1.309649],[103.796038,1.309933],[103.795527,1.309921],[103.796108,1.312081],[103.794949,1.312228],[103.793132,1.313391],[103.791209,1.311331],[103.791064,1.31086],[103.791181,1.310321],[103.790857,1.310822],[103.790534,1.311923],[103.789601,1.313283],[103.787698,1.314594],[103.786683,1.315799],[103.784791,1.315012],[103.785053,1.314483],[103.78559,1.314442],[103.785805,1.313621],[103.785278,1.311939],[103.785347,1.311088],[103.784844,1.311281],[103.784748,1.310976]]]}},{"type":"Feature","properties":{"planningAreaCode":"SL","planningAreaName":"SELETAR"},"geometry":{"type":"MultiPolygon","coordinates":[[[[103.897415,1.414906],[103.897464,1.415015],[103.897463,1.415015],[103.897415,1.414906]]],[[[103.897415,1.414906],[103.896482,1.4153],[103.896924,1.415861],[103.897609,1.417401],[103.897831,1.418667],[103.89755,1.419732],[103.896866,1.420616],[103.894777,1.421997],[103.88868,1.425436],[103.887274,1.42317],[103.886546,1.423595],[103.888124,1.425765],[103.885175,1.427583],[103.879572,1.431384],[103.878559,1.431756],[103.87713,1.431986],[103.874976,1.431724],[103.873646,1.431167],[103.870178,1.428978],[103.869239,1.427868],[103.869195,1.426794],[103.867244,1.425077],[103.867422,1.424983],[103.865118,1.423016],[103.864035,1.421866],[103.862059,1.418586],[103.861699,1.417659],[103.861429,1.416064],[103.861864,1.41286],[103.861638,1.411321],[103.861279,1.410456],[103.860249,1.409032],[103.855537,1.40557],[103.855057,1.404873],[103.854811,1.40412],[103.854867,1.402692],[103.855635,1.401232],[103.85671,1.400626],[103.857619,1.400465],[103.860972,1.400893],[103.872114,1.401083],[103.878233,1.401374],[103.882237,1.401405],[103.886807,1.401207],[103.887007,1.402979],[103.887676,1.404184],[103.888325,1.404722],[103.890436,1.405767],[103.89137,1.406402],[103.893035,1.407996],[103.895235,1.410484],[103.895811,1.411389],[103.897415,1.414906]],[[103.869965,1.424495],[103.869088,1.424524],[103.867362,1.424717],[103.869358,1.426474],[103.869858,1.425903],[103.870598,1.425442],[103.869965,1.424495]]]]}},{"type":"Feature","properties":{"planningAreaCode":"SB","planningAreaName":"SEMBAWANG"},"geometry":{"type":"Polygon","coordinates":[[[103.817322,1.470772],[103.811945,1.470363],[103.809697,1.469783],[103.809167,1.470248],[103.809231,1.470349],[103.808644,1.470571],[103.806218,1.470038],[103.8054,1.469789],[103.804999,1.46949],[103.804752,1.469604],[103.803038,1.469034],[103.801582,1.468477],[103.799875,1.4668],[103.79964,1.466781],[103.799593,1.466995],[103.799422,1.466816],[103.799419,1.466981],[103.799035,1.467045],[103.798263,1.466589],[103.797789,1.46605],[103.797075,1.465861],[103.797172,1.4657],[103.796801,1.465591],[103.796841,1.465289],[103.791792,1.462045],[103.792809,1.460484],[103.793312,1.460484],[103.794111,1.458647],[103.794955,1.457619],[103.797573,1.455521],[103.798861,1.45621],[103.800497,1.456671],[103.801229,1.454027],[103.802912,1.450337],[103.803533,1.44921],[103.804572,1.448081],[103.807192,1.446173],[103.813739,1.44345],[103.816586,1.44191],[103.819554,1.439562],[103.821205,1.437823],[103.823033,1.435576],[103.823989,1.435129],[103.824842,1.435078],[103.825884,1.435363],[103.825797,1.435672],[103.827757,1.436496],[103.828195,1.436902],[103.829203,1.438235],[103.830315,1.441626],[103.836694,1.445616],[103.833064,1.451385],[103.847814,1.460524],[103.837177,1.464816],[103.836617,1.464606],[103.836345,1.464167],[103.83527,1.46414],[103.832899,1.459958],[103.831946,1.460505],[103.834297,1.464709],[103.827539,1.468587],[103.824554,1.463321],[103.824044,1.46357],[103.822643,1.461016],[103.822275,1.461223],[103.823722,1.463755],[103.823337,1.464019],[103.824293,1.465726],[103.824153,1.465811],[103.823893,1.465489],[103.822193,1.462447],[103.821685,1.462724],[103.823396,1.465808],[103.823319,1.465989],[103.822961,1.465853],[103.822517,1.465964],[103.822801,1.466167],[103.822457,1.466674],[103.822848,1.467163],[103.822327,1.46717],[103.820534,1.466148],[103.819399,1.464462],[103.818591,1.464958],[103.820266,1.467307],[103.821896,1.468252],[103.822168,1.468637],[103.821427,1.469244],[103.820354,1.469768],[103.817322,1.470772]]]}},{"type":"Feature","properties":{"planningAreaCode":"SE","planningAreaName":"SENGKANG"},"geometry":{"type":"Polygon","coordinates":[[[103.888477,1.401053],[103.882237,1.401405],[103.878233,1.401374],[103.872114,1.401083],[103.860972,1.400893],[103.857832,1.400462],[103.85671,1.400626],[103.855635,1.401232],[103.855666,1.400168],[103.855224,1.39921],[103.852388,1.397088],[103.854051,1.397703],[103.855182,1.3977],[103.856252,1.397284],[103.857207,1.396537],[103.857493,1.396164],[103.85782,1.394736],[103.858112,1.391109],[103.868865,1.388197],[103.872765,1.38735],[103.874755,1.387602],[103.876976,1.388479],[103.877932,1.388666],[103.878995,1.388664],[103.880078,1.388445],[103.881516,1.387739],[103.883682,1.386307],[103.890894,1.3803],[103.891856,1.380054],[103.894849,1.380005],[103.897102,1.37938],[103.904196,1.380434],[103.905061,1.380352],[103.906305,1.3798],[103.907936,1.378694],[103.908521,1.378152],[103.910045,1.375856],[103.910766,1.376779],[103.911321,1.37723],[103.915532,1.379943],[103.917499,1.382365],[103.907387,1.39385],[103.905109,1.395803],[103.903583,1.396873],[103.900839,1.398383],[103.896576,1.399832],[103.888477,1.401053]]]}},{"type":"Feature","properties":{"planningAreaCode":"SG","planningAreaName":"SERANGOON"},"geometry":{"type":"Polygon","coordinates":[[[103.882389,1.344521],[103.880543,1.346962],[103.880201,1.348798],[103.879225,1.351032],[103.878655,1.351534],[103.877093,1.351958],[103.876493,1.352431],[103.878073,1.353878],[103.877176,1.354715],[103.875338,1.357427],[103.874172,1.358682],[103.873269,1.362185],[103.873442,1.362885],[103.875865,1.367952],[103.876305,1.36939],[103.876653,1.37136],[103.876972,1.373837],[103.876994,1.375638],[103.876727,1.37902],[103.876908,1.382454],[103.876605,1.384152],[103.876088,1.384875],[103.874871,1.38601],[103.87311,1.387335],[103.868865,1.388197],[103.858111,1.391112],[103.858384,1.383897],[103.858356,1.377663],[103.858914,1.375069],[103.860747,1.370431],[103.860924,1.368905],[103.860713,1.367517],[103.857094,1.35716],[103.856865,1.354552],[103.857169,1.352664],[103.860437,1.343403],[103.862266,1.343608],[103.865134,1.344327],[103.866302,1.343989],[103.869129,1.342781],[103.869713,1.342702],[103.871717,1.343524],[103.874199,1.343484],[103.876074,1.344191],[103.877001,1.34431],[103.879436,1.342987],[103.883207,1.341228],[103.883957,1.340971],[103.885062,1.340861],[103.883369,1.34253],[103.882389,1.344521]]]}},{"type":"Feature","properties":{"planningAreaCode":"KL","planningAreaName":"KALLANG"},"geometry":{"type":"Polygon","coordinates":[[[103.867615,1.328423],[103.862352,1.330439],[103.862184,1.328627],[103.861842,1.327719],[103.861174,1.326621],[103.857883,1.323471],[103.855736,1.321094],[103.853743,1.319701],[103.848304,1.317079],[103.846711,1.315895],[103.845546,1.314346],[103.844324,1.310556],[103.845769,1.309844],[103.84718,1.307953],[103.848764,1.306623],[103.85065,1.309109],[103.85113,1.308738],[103.852485,1.310523],[103.853385,1.312554],[103.854365,1.31362],[103.855414,1.311805],[103.854473,1.310618],[103.85963,1.305829],[103.862277,1.301582],[103.864507,1.302957],[103.866153,1.304364],[103.86696,1.303325],[103.868506,1.304326],[103.869077,1.303197],[103.868668,1.301859],[103.867979,1.300801],[103.865887,1.298837],[103.865433,1.298002],[103.865253,1.29701],[103.865322,1.294173],[103.870131,1.295061],[103.872752,1.295363],[103.885329,1.295763],[103.885518,1.301201],[103.884733,1.302603],[103.884273,1.303975],[103.883195,1.305122],[103.88096,1.306856],[103.876004,1.308789],[103.875016,1.313184],[103.874704,1.316364],[103.875117,1.318858],[103.875918,1.320074],[103.87519,1.320522],[103.874524,1.321194],[103.87108,1.32584],[103.869761,1.327131],[103.867615,1.328423]]]}},{"type":"Feature","properties":{"planningAreaCode":"LK","planningAreaName":"LIM CHU KANG"},"geometry":{"type":"Polygon","coordinates":[[[103.722457,1.451162],[103.721473,1.451306],[103.719845,1.451008],[103.719569,1.451094],[103.717662,1.450635],[103.717479,1.450322],[103.716913,1.450559],[103.716082,1.450304],[103.71596,1.450042],[103.715902,1.450219],[103.715616,1.450201],[103.714769,1.449856],[103.712827,1.449408],[103.712303,1.449095],[103.712288,1.448934],[103.711474,1.448608],[103.710862,1.448117],[103.710439,1.448014],[103.710052,1.447696],[103.70988,1.44778],[103.709935,1.447628],[103.709646,1.447233],[103.707715,1.445647],[103.706987,1.445328],[103.706727,1.445566],[103.706621,1.445944],[103.706454,1.445701],[103.706729,1.445126],[103.706439,1.444929],[103.706491,1.444821],[103.704859,1.443559],[103.70255,1.440957],[103.700099,1.439556],[103.699529,1.438683],[103.698245,1.437654],[103.697406,1.436614],[103.696086,1.435433],[103.696196,1.435174],[103.696096,1.435007],[103.694285,1.434361],[103.693471,1.433901],[103.69327,1.43355],[103.693015,1.433674],[103.69339,1.432634],[103.694325,1.432431],[103.695034,1.431525],[103.695784,1.427741],[103.697125,1.426108],[103.697011,1.42426],[103.700111,1.423187],[103.698651,1.41865],[103.699729,1.418683],[103.701565,1.418054],[103.700973,1.416773],[103.701743,1.416391],[103.702227,1.415299],[103.705321,1.412261],[103.706035,1.412148],[103.708953,1.412389],[103.71087,1.412997],[103.712875,1.412855],[103.713368,1.413009],[103.713895,1.413423],[103.714681,1.414332],[103.715586,1.414455],[103.716246,1.414226],[103.71707,1.413438],[103.718561,1.411068],[103.727348,1.411071],[103.728092,1.411249],[103.728738,1.411638],[103.739212,1.422173],[103.741474,1.424273],[103.743258,1.426371],[103.743596,1.428268],[103.743192,1.431795],[103.742623,1.433673],[103.741954,1.434645],[103.741392,1.435943],[103.740786,1.438285],[103.738484,1.438315],[103.738072,1.43766],[103.737569,1.437358],[103.737209,1.437408],[103.737038,1.43769],[103.736998,1.438719],[103.736799,1.438728],[103.736554,1.44042],[103.737121,1.441284],[103.738037,1.442089],[103.738131,1.442327],[103.737807,1.442478],[103.737887,1.442763],[103.73737,1.443077],[103.736778,1.443721],[103.736338,1.443817],[103.734593,1.445291],[103.73414,1.44547],[103.73406,1.445179],[103.73377,1.445204],[103.733699,1.445343],[103.733866,1.445614],[103.73349,1.44622],[103.732672,1.446607],[103.73248,1.44647],[103.73266,1.446003],[103.732348,1.446392],[103.732073,1.446217],[103.732755,1.446831],[103.732036,1.446787],[103.73125,1.446131],[103.731908,1.446843],[103.732561,1.446934],[103.732633,1.447105],[103.732053,1.447717],[103.731284,1.448046],[103.730607,1.447877],[103.731113,1.44834],[103.731103,1.448977],[103.731393,1.448222],[103.731572,1.448148],[103.731407,1.448889],[103.730453,1.449875],[103.729074,1.450749],[103.72835,1.451071],[103.727377,1.451184],[103.722457,1.451162]]]}},{"type":"Feature","properties":{"planningAreaCode":"NE","planningAreaName":"NORTH-EASTERN ISLANDS"},"geometry":{"type":"MultiPolygon","coordinates":[[[[104.064499,1.435474],[104.064736,1.435747],[104.064692,1.435958],[104.064256,1.435797],[104.064499,1.435474]]],[[[103.947021,1.407589],[103.945742,1.408059],[103.944011,1.40814],[103.944816,1.406916],[103.945534,1.406436],[103.945764,1.40602],[103.948324,1.403264],[103.949615,1.402244],[103.950836,1.400963],[103.953574,1.398542],[103.954106,1.398598],[103.954505,1.399185],[103.954517,1.399459],[103.953568,1.402952],[103.952102,1.40343],[103.951973,1.403318],[103.951841,1.403343],[103.951942,1.403455],[103.950618,1.403662],[103.949758,1.404286],[103.949561,1.404243],[103.948503,1.405341],[103.947754,1.406868],[103.947021,1.407589]]],[[[103.928264,1.419915],[103.928068,1.419475],[103.928558,1.419651],[103.928567,1.419416],[103.928258,1.419233],[103.928381,1.418995],[103.928655,1.418965],[103.928774,1.41916],[103.929114,1.418732],[103.92965,1.418417],[103.930209,1.417459],[103.930657,1.417176],[103.931582,1.416997],[103.931745,1.417359],[103.932153,1.417502],[103.932617,1.417488],[103.933438,1.417078],[103.933667,1.417226],[103.934142,1.415816],[103.934422,1.415656],[103.936934,1.415189],[103.937253,1.415041],[103.937727,1.414215],[103.938091,1.414287],[103.938445,1.414126],[103.938308,1.414515],[103.938953,1.414278],[103.941107,1.412723],[103.943506,1.411808],[103.943947,1.411902],[103.944671,1.411162],[103.945071,1.41135],[103.946678,1.410994],[103.947487,1.410602],[103.94842,1.409767],[103.948856,1.409948],[103.948892,1.409808],[103.948542,1.409577],[103.948672,1.408985],[103.950495,1.405558],[103.950998,1.405481],[103.953482,1.405777],[103.953517,1.405623],[103.954155,1.405429],[103.954934,1.404898],[103.955034,1.404262],[103.955399,1.403643],[103.955612,1.402794],[103.956113,1.402578],[103.956155,1.402153],[103.956447,1.401728],[103.956708,1.401782],[103.956568,1.401556],[103.956699,1.401321],[103.957629,1.400254],[103.957781,1.400327],[103.957974,1.400152],[103.958115,1.399684],[103.95835,1.399707],[103.958442,1.399464],[103.959574,1.399404],[103.962112,1.399829],[103.962278,1.399739],[103.96622,1.401129],[103.967117,1.400864],[103.96815,1.401115],[103.968685,1.401793],[103.969693,1.40236],[103.970381,1.402567],[103.97072,1.402101],[103.972279,1.4027],[103.972491,1.402961],[103.972387,1.403067],[103.972877,1.403468],[103.973358,1.403342],[103.974267,1.402518],[103.974678,1.402466],[103.978195,1.40417],[103.98703,1.404115],[103.98705,1.403856],[103.987309,1.40406],[103.987587,1.403947],[103.98736,1.403288],[103.987651,1.403279],[103.987846,1.402841],[103.988089,1.402734],[103.988316,1.403022],[103.988178,1.40335],[103.988327,1.403773],[103.988749,1.404104],[103.996443,1.404056],[104.001531,1.4028],[104.002711,1.403138],[104.003145,1.40384],[104.002629,1.406387],[104.00133,1.410565],[104.000698,1.412327],[103.999188,1.415606],[103.998208,1.416921],[103.996981,1.418006],[103.995567,1.418832],[103.993944,1.419345],[103.991972,1.41949],[103.98571,1.419106],[103.985568,1.418761],[103.984975,1.418368],[103.984153,1.418215],[103.983612,1.417888],[103.982797,1.417839],[103.982233,1.417607],[103.981323,1.417972],[103.978809,1.41763],[103.977231,1.417891],[103.975658,1.418441],[103.975276,1.418245],[103.974164,1.418207],[103.973635,1.41855],[103.973594,1.418861],[103.973395,1.418782],[103.972853,1.419193],[103.972474,1.41904],[103.970426,1.41969],[103.969968,1.419396],[103.969725,1.419518],[103.969253,1.419079],[103.966643,1.419075],[103.964028,1.41864],[103.963075,1.418025],[103.961403,1.417664],[103.959199,1.41793],[103.957557,1.417813],[103.956609,1.417944],[103.956048,1.417699],[103.955877,1.417733],[103.955562,1.418948],[103.955351,1.419083],[103.954251,1.419325],[103.953551,1.419199],[103.953302,1.418684],[103.952358,1.418961],[103.949611,1.420426],[103.949456,1.420361],[103.949065,1.421601],[103.94809,1.422627],[103.946679,1.423115],[103.946416,1.423462],[103.945756,1.423866],[103.945168,1.423994],[103.94486,1.423891],[103.942941,1.424337],[103.941417,1.425154],[103.939618,1.425742],[103.939272,1.426096],[103.939034,1.426069],[103.938307,1.426508],[103.93661,1.426988],[103.935523,1.427626],[103.934942,1.427616],[103.933711,1.428102],[103.933349,1.427514],[103.932399,1.426652],[103.930483,1.426072],[103.929923,1.425081],[103.929179,1.424329],[103.928268,1.423879],[103.926402,1.423654],[103.926655,1.423495],[103.926385,1.422376],[103.92699,1.422129],[103.927287,1.421799],[103.927482,1.421829],[103.927422,1.421141],[103.927604,1.420645],[103.928262,1.420176],[103.928264,1.419915]]],[[[104.05408,1.432306],[104.054439,1.432645],[104.05434,1.433161],[104.053585,1.433762],[104.047974,1.43457],[104.046791,1.435039],[104.045972,1.435831],[104.044476,1.438713],[104.043645,1.439673],[104.040379,1.440565],[104.038505,1.440696],[104.036432,1.44045],[104.024493,1.437127],[104.02282,1.436434],[104.021266,1.435398],[104.010766,1.425934],[104.009759,1.424401],[104.009099,1.422472],[104.008952,1.420641],[104.009283,1.418684],[104.012237,1.410807],[104.013093,1.40974],[104.014368,1.408998],[104.0148,1.408876],[104.022423,1.40863],[104.023532,1.408923],[104.024595,1.409507],[104.025413,1.410259],[104.026425,1.411587],[104.026971,1.411954],[104.027527,1.412149],[104.028648,1.412113],[104.029659,1.411763],[104.030182,1.411402],[104.029545,1.409914],[104.028339,1.408116],[104.028272,1.407714],[104.028511,1.40677],[104.029295,1.406197],[104.029534,1.405788],[104.029395,1.405814],[104.029641,1.404708],[104.029236,1.403812],[104.028522,1.40314],[104.026995,1.402256],[104.024917,1.401769],[104.016518,1.402013],[104.015918,1.401764],[104.015542,1.401231],[104.015501,1.400604],[104.016336,1.397995],[104.017821,1.394345],[104.01956,1.391309],[104.021582,1.38873],[104.023282,1.387032],[104.032502,1.378809],[104.08051,1.33804],[104.081425,1.337571],[104.082619,1.337605],[104.083376,1.338011],[104.084004,1.338829],[104.084204,1.339668],[104.084077,1.340522],[104.079141,1.348021],[104.075508,1.354816],[104.074916,1.356612],[104.074658,1.358263],[104.074526,1.360402],[104.074602,1.363081],[104.075161,1.367167],[104.076176,1.371631],[104.077325,1.375268],[104.079529,1.381147],[104.081452,1.385138],[104.085903,1.392405],[104.08768,1.396217],[104.088128,1.397796],[104.088435,1.399825],[104.088458,1.401876],[104.088228,1.403928],[104.087596,1.405238],[104.086569,1.406263],[104.085493,1.406816],[104.083718,1.407177],[104.083593,1.407485],[104.084378,1.407993],[104.085084,1.408966],[104.085092,1.410141],[104.084794,1.410639],[104.084397,1.41199],[104.082676,1.414913],[104.082752,1.415105],[104.082123,1.416403],[104.081817,1.41695],[104.081609,1.416878],[104.081559,1.41744],[104.080507,1.418988],[104.077841,1.420606],[104.076067,1.422232],[104.075938,1.422543],[104.074408,1.423804],[104.074238,1.423761],[104.074333,1.423936],[104.072698,1.425308],[104.069833,1.427087],[104.065986,1.428411],[104.066095,1.428562],[104.065867,1.428577],[104.065776,1.428363],[104.065723,1.428718],[104.063641,1.429754],[104.062454,1.429926],[104.058258,1.431592],[104.057404,1.431809],[104.055778,1.431836],[104.054826,1.431329],[104.05408,1.432306]]]]}},{"type":"Feature","properties":{"planningAreaCode":"NV","planningAreaName":"NOVENA"},"geometry":{"type":"Polygon","coordinates":[[[103.835988,1.341684],[103.834343,1.340768],[103.832972,1.340421],[103.829287,1.340799],[103.827789,1.341194],[103.8248,1.34115],[103.821128,1.339957],[103.820357,1.339464],[103.819649,1.338411],[103.818269,1.334933],[103.816003,1.331842],[103.814069,1.328611],[103.813689,1.325015],[103.813356,1.323295],[103.818927,1.322657],[103.820118,1.322361],[103.823966,1.32125],[103.835109,1.317548],[103.83953,1.312738],[103.840047,1.312385],[103.844324,1.310556],[103.845546,1.314346],[103.846337,1.315489],[103.848071,1.316944],[103.853743,1.319701],[103.855736,1.321094],[103.857883,1.323471],[103.861174,1.326621],[103.861842,1.327719],[103.862184,1.328627],[103.862352,1.330439],[103.860898,1.330461],[103.856573,1.329119],[103.847753,1.329752],[103.842708,1.329557],[103.840578,1.328846],[103.839984,1.329784],[103.839091,1.330698],[103.837999,1.333443],[103.837231,1.334743],[103.837101,1.335675],[103.837305,1.337539],[103.837248,1.339484],[103.835988,1.341684]]]}},{"type":"Feature","properties":{"planningAreaCode":"SM","planningAreaName":"SIMPANG"},"geometry":{"type":"MultiPolygon","coordinates":[[[[103.87242,1.439955],[103.869218,1.444053],[103.866361,1.447365],[103.862651,1.451553],[103.861518,1.452495],[103.860899,1.452749],[103.860366,1.45271],[103.858017,1.451708],[103.857634,1.451386],[103.857479,1.450719],[103.857839,1.449685],[103.858416,1.448275],[103.859736,1.445886],[103.85983,1.44493],[103.859653,1.444274],[103.859909,1.442983],[103.861419,1.44171],[103.861715,1.441622],[103.861636,1.441357],[103.862411,1.44007],[103.862917,1.43989],[103.863647,1.438167],[103.865627,1.435995],[103.866257,1.435639],[103.867464,1.435338],[103.868588,1.435417],[103.869512,1.435777],[103.872247,1.437941],[103.872647,1.438839],[103.87242,1.439955]]],[[[103.863606,1.434106],[103.862794,1.435966],[103.863372,1.436441],[103.860308,1.440178],[103.85875,1.4424],[103.857671,1.446091],[103.855036,1.452489],[103.857683,1.453556],[103.858298,1.454072],[103.858317,1.454702],[103.854158,1.457475],[103.847814,1.460524],[103.833064,1.451385],[103.836886,1.445362],[103.838323,1.444029],[103.84139,1.442005],[103.844146,1.439743],[103.844833,1.438955],[103.845504,1.437646],[103.846181,1.435745],[103.846825,1.434732],[103.852183,1.429499],[103.854087,1.42808],[103.86197,1.424478],[103.862131,1.42463],[103.857778,1.426525],[103.858153,1.427189],[103.858837,1.427278],[103.859759,1.42787],[103.864661,1.432023],[103.865346,1.433479],[103.865289,1.434319],[103.864871,1.434614],[103.864555,1.434547],[103.864419,1.434311],[103.863606,1.434106]]]]}},{"type":"Feature","properties":{"planningAreaCode":"SI","planningAreaName":"SOUTHERN ISLANDS"},"geometry":{"type":"MultiPolygon","coordinates":[[[[103.861231,1.221336],[103.860871,1.221714],[103.861198,1.22131],[103.861231,1.221336]]],[[[103.860511,1.225167],[103.859556,1.225423],[103.860497,1.225133],[103.860511,1.225167]]],[[[103.835911,1.212731],[103.836465,1.213167],[103.836614,1.213477],[103.835911,1.212731]]],[[[103.811205,1.254812],[103.811199,1.254486],[103.811696,1.254076],[103.811964,1.254127],[103.811205,1.254812]]],[[[103.82895,1.240636],[103.828374,1.241123],[103.828453,1.24137],[103.828224,1.241278],[103.828219,1.241016],[103.828859,1.240484],[103.829083,1.240513],[103.829165,1.240767],[103.82895,1.240636]]],[[[103.814188,1.252415],[103.814131,1.252655],[103.814035,1.252476],[103.814165,1.252196],[103.814698,1.251915],[103.815026,1.252034],[103.814188,1.252415]]],[[[103.813237,1.253077],[103.812708,1.253736],[103.812558,1.253696],[103.812554,1.253483],[103.812927,1.252996],[103.813212,1.252891],[103.81349,1.253039],[103.813237,1.253077]]],[[[103.822334,1.247288],[103.821278,1.248305],[103.821462,1.248458],[103.821219,1.248407],[103.821098,1.248175],[103.821182,1.247975],[103.82225,1.247196],[103.822651,1.24737],[103.822334,1.247288]]],[[[103.814453,1.260201],[103.81351,1.260082],[103.813144,1.259598],[103.81346,1.25941],[103.814722,1.259514],[103.814937,1.259889],[103.814453,1.260201]]],[[[103.816215,1.248781],[103.815215,1.249736],[103.814254,1.250031],[103.814369,1.249435],[103.814758,1.248993],[103.816156,1.248539],[103.816215,1.248781]]],[[[103.83211,1.217048],[103.831957,1.216951],[103.832214,1.217003],[103.832113,1.216523],[103.831725,1.21632],[103.831681,1.216547],[103.831766,1.215561],[103.831986,1.215126],[103.831905,1.215338],[103.832454,1.215182],[103.83257,1.21481],[103.832247,1.214859],[103.832533,1.214757],[103.83328,1.21535],[103.833689,1.216262],[103.833163,1.216813],[103.83211,1.217048]]],[[[103.834981,1.215581],[103.83486,1.215499],[103.83499,1.21534],[103.834712,1.2152],[103.834722,1.215303],[103.834596,1.215096],[103.834538,1.214691],[103.83409,1.214111],[103.833633,1.21389],[103.833426,1.213478],[103.833744,1.212936],[103.833679,1.213104],[103.834196,1.212893],[103.834249,1.212409],[103.833991,1.212583],[103.834335,1.212331],[103.835497,1.212555],[103.835184,1.212512],[103.835145,1.21278],[103.836,1.214269],[103.836436,1.214424],[103.836635,1.214038],[103.836274,1.214794],[103.834981,1.215581]]],[[[103.860601,1.224292],[103.859138,1.225082],[103.859086,1.225438],[103.858222,1.225398],[103.857969,1.224953],[103.859099,1.223472],[103.859404,1.223451],[103.859366,1.223744],[103.859568,1.223961],[103.860385,1.223719],[103.86039,1.223378],[103.860154,1.223269],[103.859693,1.223525],[103.859689,1.223223],[103.860073,1.223006],[103.860142,1.222577],[103.860589,1.222032],[103.860244,1.222506],[103.860423,1.222316],[103.861152,1.222241],[103.862421,1.22143],[103.861957,1.220849],[103.861416,1.221034],[103.861665,1.22081],[103.86198,1.22081],[103.862763,1.221897],[103.862492,1.222846],[103.861932,1.224037],[103.861315,1.224713],[103.860862,1.224975],[103.861403,1.224572],[103.861097,1.224335],[103.860601,1.224292]]],[[[103.840605,1.228726],[103.840064,1.230726],[103.839311,1.232235],[103.83824,1.23325],[103.837729,1.234249],[103.836461,1.234816],[103.83596,1.234794],[103.835446,1.233921],[103.835526,1.233506],[103.835317,1.232911],[103.835764,1.231667],[103.837152,1.229035],[103.837573,1.228662],[103.83836,1.228539],[103.839009,1.22778],[103.839821,1.227528],[103.840377,1.227735],[103.840605,1.228726]]],[[[103.855395,1.240894],[103.855011,1.242439],[103.854196,1.24405],[103.853073,1.245201],[103.852441,1.245529],[103.852094,1.245526],[103.851275,1.244983],[103.850088,1.243323],[103.849276,1.242544],[103.848048,1.241669],[103.846343,1.240792],[103.845204,1.239786],[103.844761,1.239113],[103.84473,1.238445],[103.845186,1.237766],[103.846029,1.23774],[103.848218,1.239227],[103.849038,1.24011],[103.850239,1.240519],[103.851184,1.240365],[103.853481,1.238977],[103.85407,1.238862],[103.85469,1.239105],[103.855159,1.239535],[103.855396,1.240163],[103.855395,1.240894]]],[[[103.859157,1.220664],[103.8589,1.220633],[103.85871,1.220856],[103.858259,1.221991],[103.857056,1.22316],[103.856323,1.223632],[103.855917,1.224681],[103.855857,1.225911],[103.855091,1.226178],[103.855051,1.226059],[103.85544,1.225938],[103.855218,1.225559],[103.854668,1.225408],[103.854144,1.225573],[103.853469,1.226404],[103.853221,1.227485],[103.853431,1.228466],[103.854085,1.229132],[103.854642,1.2292],[103.855,1.229018],[103.855145,1.228655],[103.854829,1.228612],[103.854867,1.228477],[103.857364,1.229416],[103.858385,1.231118],[103.858252,1.232171],[103.857797,1.232332],[103.856421,1.232023],[103.853539,1.231833],[103.851587,1.231374],[103.851338,1.231515],[103.851039,1.231066],[103.85099,1.230869],[103.85113,1.231151],[103.851715,1.230626],[103.851181,1.230239],[103.850109,1.230281],[103.849539,1.229677],[103.848601,1.23072],[103.84878,1.231284],[103.848659,1.231604],[103.845875,1.232513],[103.845635,1.232394],[103.845579,1.23185],[103.846535,1.231165],[103.847408,1.230248],[103.848078,1.230173],[103.847842,1.230346],[103.848217,1.230863],[103.849423,1.229528],[103.849053,1.228876],[103.848972,1.228068],[103.848767,1.228149],[103.84824,1.227765],[103.846956,1.227295],[103.846762,1.227152],[103.846788,1.226509],[103.847261,1.226371],[103.848121,1.226677],[103.849143,1.22813],[103.84933,1.228079],[103.849662,1.2283],[103.849993,1.229149],[103.850247,1.229066],[103.850239,1.227821],[103.852139,1.227901],[103.852224,1.226262],[103.851955,1.225994],[103.851665,1.226054],[103.851078,1.226532],[103.850713,1.226426],[103.850233,1.225765],[103.850756,1.225244],[103.851261,1.225039],[103.851693,1.224517],[103.852023,1.224775],[103.852423,1.224152],[103.852443,1.223743],[103.852084,1.223613],[103.852282,1.222721],[103.851197,1.220959],[103.850977,1.220911],[103.849819,1.221625],[103.850574,1.221033],[103.850217,1.220465],[103.849205,1.220988],[103.848722,1.221451],[103.848338,1.221503],[103.848604,1.222122],[103.848086,1.222381],[103.847962,1.222226],[103.84742,1.222324],[103.847088,1.222642],[103.847143,1.222823],[103.84675,1.223001],[103.846893,1.222847],[103.846827,1.222694],[103.846383,1.222703],[103.845862,1.223216],[103.846209,1.223225],[103.845542,1.223474],[103.844343,1.223206],[103.843908,1.222699],[103.843405,1.222513],[103.843173,1.222169],[103.843652,1.221491],[103.844187,1.221194],[103.844387,1.220837],[103.846518,1.218835],[103.847508,1.2175],[103.848176,1.216892],[103.84869,1.216068],[103.848806,1.215586],[103.849325,1.214928],[103.850036,1.214824],[103.850778,1.214332],[103.851415,1.213378],[103.851844,1.213511],[103.852174,1.214023],[103.852079,1.214907],[103.852032,1.214745],[103.851506,1.214746],[103.851264,1.214917],[103.851146,1.215266],[103.851292,1.216212],[103.851561,1.216288],[103.851727,1.216089],[103.851528,1.21695],[103.85162,1.217766],[103.851492,1.217412],[103.851131,1.217531],[103.850762,1.21951],[103.85114,1.219703],[103.851566,1.219651],[103.851582,1.219053],[103.851628,1.220119],[103.851294,1.220854],[103.852522,1.222665],[103.852983,1.221833],[103.853629,1.221265],[103.853767,1.220833],[103.854241,1.22065],[103.854897,1.219882],[103.855506,1.21948],[103.856222,1.218414],[103.857039,1.218145],[103.857321,1.217873],[103.857359,1.217686],[103.856986,1.217586],[103.857739,1.217683],[103.858425,1.2182],[103.858211,1.218104],[103.857972,1.218332],[103.85789,1.219109],[103.858221,1.219793],[103.858736,1.220147],[103.859264,1.220041],[103.859353,1.219631],[103.859451,1.220144],[103.859157,1.220664]],[[103.85041,1.229111],[103.85041,1.229111],[103.85041,1.229111],[103.85041,1.229111]],[[103.852311,1.222891],[103.852311,1.222889],[103.852312,1.222889],[103.852311,1.222891]],[[103.852185,1.227904],[103.852228,1.227906],[103.852185,1.227904],[103.852185,1.227904]],[[103.849501,1.22966],[103.849834,1.229353],[103.850011,1.229257],[103.849834,1.229353],[103.849501,1.22966]],[[103.849448,1.229566],[103.849441,1.229555],[103.849566,1.229458],[103.849448,1.229566]]],[[[103.823246,1.257481],[103.823058,1.257571],[103.823304,1.257453],[103.823467,1.258507],[103.823202,1.258642],[103.823042,1.257624],[103.82129,1.258385],[103.821189,1.258261],[103.821373,1.258037],[103.82119,1.257749],[103.820964,1.257864],[103.820626,1.258798],[103.820118,1.259213],[103.819947,1.258976],[103.819779,1.259269],[103.819905,1.258959],[103.819739,1.258891],[103.819559,1.259335],[103.819195,1.259354],[103.818782,1.259702],[103.81801,1.260007],[103.817585,1.259902],[103.817023,1.259998],[103.81624,1.259781],[103.814736,1.258828],[103.814042,1.259062],[103.812494,1.259026],[103.808764,1.260052],[103.808196,1.259765],[103.8074,1.259985],[103.806727,1.259828],[103.806711,1.259412],[103.807114,1.258818],[103.807446,1.258666],[103.808777,1.257395],[103.8091,1.256448],[103.810503,1.25504],[103.810479,1.254796],[103.810927,1.255246],[103.810628,1.255175],[103.810021,1.255876],[103.809982,1.256186],[103.810356,1.256338],[103.811097,1.256105],[103.811665,1.255652],[103.811977,1.255124],[103.812965,1.254779],[103.813299,1.254353],[103.813447,1.253829],[103.814081,1.253717],[103.814507,1.253408],[103.814854,1.252589],[103.815461,1.252532],[103.815835,1.252323],[103.816287,1.251609],[103.816045,1.251345],[103.816345,1.251455],[103.817065,1.250952],[103.817264,1.25066],[103.81716,1.250469],[103.817689,1.250014],[103.817848,1.250052],[103.818794,1.249371],[103.81977,1.24899],[103.819875,1.248796],[103.82005,1.249047],[103.820484,1.249191],[103.819986,1.24949],[103.82003,1.249604],[103.821024,1.249731],[103.821719,1.249128],[103.821975,1.248553],[103.822515,1.24809],[103.823559,1.247754],[103.824075,1.246652],[103.823965,1.246256],[103.823768,1.246132],[103.823762,1.246323],[103.823301,1.246529],[103.823557,1.246081],[103.8235,1.245841],[103.823678,1.245852],[103.825657,1.24374],[103.827153,1.241911],[103.827508,1.242177],[103.827369,1.242411],[103.827087,1.242456],[103.827447,1.242816],[103.827983,1.242851],[103.828592,1.242545],[103.828934,1.242086],[103.829117,1.241428],[103.829996,1.241185],[103.830369,1.240568],[103.830329,1.239917],[103.829788,1.240091],[103.829802,1.239615],[103.829975,1.239761],[103.830408,1.239635],[103.831478,1.238536],[103.832583,1.237865],[103.833539,1.23793],[103.834886,1.238978],[103.836221,1.239044],[103.836718,1.239419],[103.837129,1.239419],[103.837103,1.239188],[103.836873,1.238873],[103.836383,1.238623],[103.837181,1.238715],[103.83967,1.240377],[103.844035,1.244824],[103.844946,1.246295],[103.845838,1.247372],[103.848242,1.251219],[103.848423,1.252114],[103.846463,1.253214],[103.845697,1.253205],[103.844997,1.252957],[103.844693,1.252637],[103.842274,1.252198],[103.841825,1.252372],[103.841895,1.253203],[103.841806,1.253487],[103.84147,1.253722],[103.840377,1.25352],[103.839205,1.253994],[103.838353,1.254076],[103.837153,1.253189],[103.835187,1.253235],[103.834331,1.253437],[103.833139,1.254352],[103.832078,1.254704],[103.830842,1.254777],[103.829518,1.2545],[103.82706,1.254666],[103.825224,1.25527],[103.824281,1.256243],[103.824009,1.256349],[103.824114,1.256652],[103.824002,1.256707],[103.824011,1.258232],[103.823645,1.258418],[103.823612,1.256703],[103.823603,1.25731],[103.823246,1.257481]],[[103.842948,1.252077],[103.842948,1.252077],[103.842948,1.252077],[103.842948,1.252077]],[[103.810834,1.256254],[103.810837,1.256252],[103.810834,1.256254],[103.810834,1.256254]],[[103.831075,1.23919],[103.831079,1.239187],[103.831104,1.23916],[103.831075,1.23919]],[[103.823517,1.256502],[103.823594,1.256568],[103.823627,1.256464],[103.823517,1.256502]]]]}},{"type":"Feature","properties":{"planningAreaCode":"SK","planningAreaName":"SUNGEI KADUT"},"geometry":{"type":"Polygon","coordinates":[[[103.758189,1.443383],[103.743957,1.44631],[103.74333,1.446082],[103.742947,1.445458],[103.742966,1.438707],[103.742893,1.439132],[103.742695,1.439277],[103.742257,1.438908],[103.738708,1.438901],[103.738416,1.43972],[103.738424,1.440782],[103.738244,1.441052],[103.737879,1.440823],[103.737469,1.440172],[103.737204,1.438794],[103.736998,1.438719],[103.737016,1.437797],[103.737209,1.437408],[103.737622,1.437369],[103.738046,1.437636],[103.738484,1.438315],[103.740786,1.438285],[103.741608,1.435382],[103.742729,1.433405],[103.743443,1.430281],[103.743596,1.428056],[103.743258,1.426371],[103.741996,1.424797],[103.739329,1.422281],[103.742087,1.413985],[103.74212,1.412984],[103.741556,1.410194],[103.741569,1.409351],[103.741792,1.408501],[103.742564,1.407208],[103.743315,1.406515],[103.744136,1.406077],[103.745812,1.405521],[103.748601,1.405409],[103.751015,1.404944],[103.751909,1.404484],[103.75249,1.40383],[103.75285,1.402816],[103.752134,1.400312],[103.751994,1.398373],[103.753321,1.388999],[103.755411,1.388857],[103.7581,1.389025],[103.762205,1.390368],[103.764956,1.390766],[103.77445,1.390289],[103.773984,1.394155],[103.773865,1.398716],[103.773616,1.401309],[103.771835,1.408887],[103.771485,1.411453],[103.771148,1.42402],[103.770709,1.426074],[103.76879,1.431947],[103.768553,1.43405],[103.768417,1.440511],[103.767465,1.440486],[103.766764,1.440679],[103.765659,1.441935],[103.765192,1.442985],[103.764396,1.44345],[103.764268,1.44333],[103.76208,1.44433],[103.760382,1.444124],[103.758893,1.443461],[103.758189,1.443383]]]}},{"type":"Feature","properties":{"planningAreaCode":"TP","planningAreaName":"TOA PAYOH"},"geometry":{"type":"Polygon","coordinates":[[[103.844768,1.343936],[103.844017,1.344063],[103.842078,1.344994],[103.840993,1.345029],[103.840152,1.344588],[103.838954,1.343385],[103.835988,1.341684],[103.837248,1.339484],[103.837305,1.337539],[103.837101,1.335675],[103.837231,1.334743],[103.837999,1.333443],[103.839091,1.330698],[103.839984,1.329784],[103.840578,1.328846],[103.842708,1.329557],[103.847753,1.329752],[103.856573,1.329119],[103.857676,1.329357],[103.86064,1.330393],[103.86167,1.330528],[103.863035,1.330203],[103.867277,1.328565],[103.868743,1.327819],[103.879804,1.331529],[103.888872,1.33356],[103.888366,1.335138],[103.886597,1.338927],[103.885062,1.340861],[103.883957,1.340971],[103.883207,1.341228],[103.879436,1.342987],[103.877249,1.344253],[103.876389,1.344281],[103.874086,1.343469],[103.871717,1.343524],[103.870053,1.342776],[103.86954,1.342697],[103.865134,1.344327],[103.861454,1.343495],[103.854304,1.343206],[103.848832,1.343951],[103.844768,1.343936]]]}},{"type":"Feature","properties":{"planningAreaCode":"TS","planningAreaName":"TUAS"},"geometry":{"type":"MultiPolygon","coordinates":[[[[103.647603,1.239505],[103.647588,1.23965],[103.647674,1.239731],[103.647497,1.239611],[103.647603,1.239505]]],[[[103.648098,1.239896],[103.647729,1.239882],[103.647949,1.23966],[103.64766,1.239458],[103.647722,1.239326],[103.648298,1.239285],[103.648772,1.239463],[103.648786,1.239683],[103.648607,1.239829],[103.648109,1.239885],[103.64807,1.239702],[103.648246,1.239665],[103.648007,1.239573],[103.648098,1.239896]]],[[[103.644103,1.348295],[103.638793,1.353104],[103.638212,1.350465],[103.638034,1.350525],[103.637994,1.35099],[103.637766,1.351367],[103.637057,1.35168],[103.635653,1.351118],[103.63458,1.349946],[103.633297,1.350796],[103.633175,1.35055],[103.634394,1.349566],[103.634164,1.348758],[103.634131,1.347855],[103.634638,1.346323],[103.635503,1.345432],[103.636029,1.34547],[103.636465,1.345846],[103.636052,1.344581],[103.635879,1.344453],[103.635806,1.343841],[103.635611,1.343571],[103.635706,1.343478],[103.634533,1.342271],[103.634818,1.341999],[103.634323,1.341468],[103.63449,1.340945],[103.634759,1.340765],[103.634548,1.340482],[103.633697,1.337818],[103.633519,1.337378],[103.632786,1.33744],[103.632336,1.337147],[103.621355,1.319681],[103.620759,1.314757],[103.622651,1.314052],[103.624597,1.319028],[103.626537,1.318302],[103.618698,1.297068],[103.618148,1.297161],[103.617993,1.296273],[103.617838,1.296304],[103.617817,1.296727],[103.617359,1.294136],[103.617544,1.294507],[103.617682,1.294479],[103.617508,1.293431],[103.618217,1.293347],[103.618622,1.291809],[103.61983,1.289353],[103.620236,1.287768],[103.620282,1.285806],[103.61986,1.283961],[103.618946,1.282161],[103.61765,1.280694],[103.616034,1.279596],[103.613486,1.278712],[103.612613,1.278237],[103.611701,1.277391],[103.611054,1.276327],[103.606755,1.264668],[103.609873,1.264668],[103.60987,1.261134],[103.605711,1.261133],[103.605709,1.26023],[103.609747,1.26023],[103.609748,1.255663],[103.611994,1.255663],[103.611994,1.25295],[103.608847,1.252949],[103.608848,1.246393],[103.612436,1.246391],[103.612435,1.243683],[103.605702,1.243675],[103.605713,1.223045],[103.606042,1.221584],[103.606635,1.220451],[103.607596,1.219483],[103.608762,1.21887],[103.642417,1.210241],[103.643197,1.210447],[103.648064,1.213277],[103.658575,1.217166],[103.656918,1.221605],[103.617346,1.221603],[103.617345,1.229199],[103.649839,1.229202],[103.649839,1.238155],[103.617345,1.238152],[103.617344,1.245025],[103.637785,1.245027],[103.644355,1.247964],[103.644354,1.253981],[103.617343,1.253979],[103.617343,1.260852],[103.643355,1.260854],[103.643331,1.269785],[103.639738,1.269898],[103.640438,1.27908],[103.641608,1.279265],[103.645679,1.278967],[103.64745,1.279468],[103.648663,1.280263],[103.649459,1.281205],[103.649972,1.282305],[103.650193,1.28352],[103.650147,1.284492],[103.649796,1.285657],[103.646489,1.291781],[103.64655,1.29168],[103.645035,1.300617],[103.64473,1.300972],[103.649225,1.305432],[103.649768,1.305301],[103.650875,1.30589],[103.650806,1.306011],[103.651261,1.306669],[103.652605,1.307975],[103.652782,1.307977],[103.653344,1.308856],[103.653725,1.309143],[103.653901,1.308999],[103.65519,1.310351],[103.655205,1.31058],[103.655506,1.310667],[103.656206,1.311469],[103.656795,1.310908],[103.658204,1.312317],[103.65587,1.314534],[103.662896,1.322013],[103.665855,1.326298],[103.666748,1.327262],[103.667721,1.327988],[103.667184,1.328329],[103.665446,1.330138],[103.657138,1.333569],[103.656726,1.334543],[103.654434,1.33641],[103.651959,1.338764],[103.651422,1.339793],[103.651391,1.340667],[103.652082,1.342353],[103.651711,1.343467],[103.649876,1.344884],[103.647779,1.345044],[103.646958,1.345447],[103.644905,1.347868],[103.644103,1.348295]]]]}},{"type":"Feature","properties":{"planningAreaCode":"WI","planningAreaName":"WESTERN ISLANDS"},"geometry":{"type":"MultiPolygon","coordinates":[[[[103.7413,1.15978],[103.741304,1.159977],[103.741261,1.159789],[103.7413,1.15978]]],[[[103.742263,1.16382],[103.742581,1.164324],[103.742001,1.165209],[103.741903,1.164994],[103.742202,1.163954],[103.742263,1.16382]]],[[[103.786477,1.215694],[103.786204,1.215526],[103.786251,1.215265],[103.786553,1.215028],[103.787082,1.21501],[103.78715,1.215431],[103.786878,1.215668],[103.786477,1.215694]]],[[[103.723283,1.190537],[103.723561,1.191012],[103.723255,1.191396],[103.722948,1.191489],[103.722688,1.190773],[103.723057,1.190476],[103.723283,1.190537]]],[[[103.707311,1.216215],[103.707544,1.216459],[103.707365,1.21664],[103.706277,1.217218],[103.706259,1.216992],[103.70652,1.216848],[103.706799,1.216323],[103.707311,1.216215]]],[[[103.74138,1.160243],[103.741319,1.161079],[103.741147,1.161114],[103.740382,1.159665],[103.740396,1.159193],[103.740675,1.158699],[103.741182,1.159381],[103.740969,1.159267],[103.740842,1.159601],[103.741071,1.160076],[103.740999,1.160377],[103.741314,1.160465],[103.74138,1.160243]]],[[[103.736811,1.188807],[103.737206,1.189712],[103.737835,1.190598],[103.737862,1.191096],[103.736864,1.190661],[103.736334,1.190218],[103.736128,1.189829],[103.736173,1.189495],[103.735535,1.189024],[103.735553,1.188844],[103.736038,1.188672],[103.736811,1.188807]]],[[[103.752775,1.225843],[103.750455,1.227174],[103.749235,1.227714],[103.750599,1.227052],[103.751554,1.226094],[103.751942,1.224885],[103.752252,1.224418],[103.752245,1.22389],[103.751624,1.22343],[103.75127,1.223393],[103.751906,1.223377],[103.753897,1.22403],[103.752917,1.223779],[103.752828,1.224485],[103.753278,1.225287],[103.753957,1.224634],[103.752775,1.225843]]],[[[103.75887,1.197242],[103.755348,1.197242],[103.755348,1.196311],[103.758868,1.196312],[103.75887,1.197242]]],[[[103.747598,1.228279],[103.747072,1.228287],[103.746819,1.228026],[103.747218,1.22657],[103.746731,1.224999],[103.746973,1.225567],[103.747353,1.225547],[103.747854,1.225181],[103.748038,1.224475],[103.747736,1.223948],[103.746917,1.22426],[103.74865,1.222979],[103.749242,1.222983],[103.7504,1.223481],[103.750179,1.223438],[103.74936,1.224181],[103.749482,1.224632],[103.750141,1.225293],[103.750271,1.225582],[103.750186,1.225791],[103.749506,1.226086],[103.747743,1.226195],[103.747271,1.226576],[103.747032,1.227531],[103.747071,1.228211],[103.747417,1.228259],[103.748421,1.227978],[103.747598,1.228279]]],[[[103.793034,1.210551],[103.792413,1.210826],[103.791829,1.210557],[103.791976,1.209548],[103.791905,1.207915],[103.792169,1.206984],[103.793527,1.204517],[103.798426,1.201435],[103.800831,1.200664],[103.801385,1.200673],[103.801555,1.201454],[103.801329,1.201805],[103.798403,1.204766],[103.79661,1.207907],[103.796255,1.207859],[103.795326,1.208387],[103.795003,1.208944],[103.794458,1.209184],[103.793034,1.210551]]],[[[103.733139,1.176333],[103.73201,1.17628],[103.731796,1.176188],[103.731696,1.175796],[103.731389,1.176296],[103.730674,1.175913],[103.730124,1.175053],[103.729702,1.175357],[103.729532,1.175325],[103.728206,1.173767],[103.728141,1.173362],[103.728297,1.173008],[103.728782,1.172771],[103.729304,1.172844],[103.729697,1.172545],[103.730321,1.172731],[103.73051,1.172412],[103.731109,1.172189],[103.731376,1.171907],[103.732007,1.170101],[103.732046,1.169379],[103.732315,1.169277],[103.732328,1.16898],[103.732673,1.16883],[103.73356,1.167453],[103.733973,1.16711],[103.734778,1.167091],[103.735241,1.167613],[103.735624,1.167503],[103.736723,1.166639],[103.73736,1.166698],[103.738049,1.166431],[103.738443,1.166519],[103.738717,1.166872],[103.739632,1.167254],[103.739597,1.168513],[103.739199,1.169879],[103.739586,1.170194],[103.739789,1.171874],[103.739353,1.172408],[103.738568,1.172223],[103.739158,1.172706],[103.739904,1.17211],[103.740452,1.172052],[103.740495,1.172455],[103.740991,1.172764],[103.7414,1.173336],[103.741463,1.174378],[103.740232,1.174628],[103.739956,1.174313],[103.739858,1.174914],[103.739507,1.175185],[103.738643,1.175295],[103.737656,1.175797],[103.736855,1.175598],[103.736816,1.174768],[103.736548,1.17443],[103.736601,1.173992],[103.736479,1.174415],[103.736754,1.174822],[103.73674,1.175575],[103.735305,1.175139],[103.735205,1.174839],[103.734915,1.174794],[103.734603,1.174927],[103.734527,1.175663],[103.733978,1.176032],[103.733589,1.175963],[103.733139,1.176333]]],[[[103.727408,1.192263],[103.726862,1.192242],[103.726687,1.191984],[103.726267,1.192094],[103.725691,1.191875],[103.72519,1.191934],[103.724859,1.191799],[103.724695,1.191527],[103.724456,1.191553],[103.723767,1.191119],[103.723065,1.189946],[103.723163,1.1897],[103.722082,1.188235],[103.722605,1.186971],[103.722341,1.186773],[103.722136,1.186716],[103.721775,1.187284],[103.721294,1.187592],[103.719139,1.18719],[103.718169,1.187377],[103.717972,1.18717],[103.717385,1.187169],[103.717266,1.186999],[103.717189,1.186487],[103.717887,1.186093],[103.718415,1.184369],[103.718461,1.183633],[103.718688,1.183237],[103.718874,1.183255],[103.718952,1.182968],[103.719091,1.181733],[103.71943,1.180828],[103.719234,1.180794],[103.719085,1.180083],[103.719387,1.180042],[103.720714,1.181517],[103.720749,1.181723],[103.720895,1.181732],[103.721195,1.181221],[103.722062,1.181455],[103.721992,1.181773],[103.724066,1.182823],[103.724365,1.183228],[103.724874,1.183232],[103.725122,1.182788],[103.725443,1.182581],[103.726984,1.183447],[103.728389,1.183352],[103.728666,1.183873],[103.728495,1.185538],[103.728731,1.18577],[103.728702,1.186151],[103.728528,1.186368],[103.728293,1.186947],[103.727836,1.187023],[103.72752,1.187222],[103.7273,1.187079],[103.726668,1.186925],[103.727453,1.187282],[103.728307,1.187017],[103.728894,1.185865],[103.729196,1.186497],[103.72831,1.187679],[103.728326,1.188289],[103.728513,1.187638],[103.729321,1.186515],[103.729307,1.18598],[103.729673,1.185948],[103.729916,1.186716],[103.730484,1.186897],[103.731014,1.18665],[103.731543,1.186658],[103.731785,1.187138],[103.731729,1.187889],[103.731163,1.187942],[103.730987,1.187601],[103.730907,1.187917],[103.731089,1.188324],[103.731309,1.1882],[103.731671,1.188581],[103.731417,1.188731],[103.731368,1.189131],[103.730778,1.189899],[103.730322,1.190893],[103.730166,1.191081],[103.729487,1.191052],[103.729005,1.191214],[103.728481,1.190854],[103.728005,1.190761],[103.7278,1.19041],[103.727705,1.190496],[103.727973,1.190921],[103.728423,1.190994],[103.729034,1.191351],[103.729576,1.191409],[103.729243,1.192013],[103.72869,1.191928],[103.727408,1.192263]]],[[[103.761804,1.240428],[103.761219,1.240363],[103.760068,1.239846],[103.759943,1.239495],[103.760125,1.23911],[103.759625,1.238819],[103.759739,1.236697],[103.760714,1.232452],[103.762992,1.231365],[103.762976,1.231141],[103.765034,1.231161],[103.767124,1.230732],[103.77078,1.229325],[103.772543,1.227703],[103.773001,1.225347],[103.773265,1.224909],[103.776314,1.224763],[103.778989,1.22405],[103.779073,1.224525],[103.777659,1.227186],[103.776798,1.227561],[103.777148,1.228304],[103.777002,1.228533],[103.777109,1.228697],[103.776474,1.22938],[103.776577,1.229499],[103.774356,1.231867],[103.774072,1.231599],[103.77332,1.232337],[103.773551,1.232566],[103.773261,1.23285],[103.772936,1.233162],[103.7727,1.232952],[103.771895,1.233692],[103.772111,1.233938],[103.771697,1.234309],[103.771317,1.233718],[103.770488,1.23417],[103.770283,1.234751],[103.769463,1.235645],[103.769418,1.235985],[103.766771,1.238339],[103.76561,1.239059],[103.765188,1.239578],[103.765026,1.239682],[103.764908,1.239503],[103.76375,1.240045],[103.76358,1.23996],[103.761804,1.240428]]],[[[103.7507,1.235718],[103.750241,1.236435],[103.749317,1.236973],[103.747156,1.237312],[103.746287,1.237296],[103.743088,1.236622],[103.74128,1.235359],[103.740011,1.234902],[103.73978,1.23468],[103.739672,1.234106],[103.74016,1.232873],[103.740568,1.232395],[103.742669,1.23133],[103.745263,1.231352],[103.752125,1.229852],[103.759068,1.226252],[103.760403,1.225909],[103.763829,1.225209],[103.767458,1.22508],[103.767623,1.224947],[103.767668,1.225069],[103.768896,1.224996],[103.770072,1.226331],[103.77078,1.227428],[103.770288,1.228155],[103.769785,1.228576],[103.767276,1.23003],[103.767238,1.229873],[103.765732,1.230157],[103.764908,1.230148],[103.763608,1.229771],[103.761357,1.230439],[103.759907,1.231157],[103.759355,1.231612],[103.75784,1.236239],[103.757397,1.236659],[103.756473,1.236528],[103.754959,1.235363],[103.754475,1.234283],[103.7507,1.235718]]],[[[103.723453,1.213133],[103.721912,1.213491],[103.721125,1.213327],[103.719221,1.212558],[103.713856,1.211209],[103.712828,1.210312],[103.711729,1.208702],[103.710673,1.207714],[103.708913,1.206836],[103.707457,1.205701],[103.707108,1.205155],[103.707106,1.20472],[103.707499,1.204154],[103.707785,1.20407],[103.716867,1.202548],[103.718144,1.202603],[103.720758,1.203177],[103.723186,1.203262],[103.724356,1.203122],[103.7258,1.202546],[103.726621,1.202474],[103.730861,1.203261],[103.729681,1.203115],[103.729631,1.204082],[103.729816,1.204901],[103.7311,1.204812],[103.731741,1.20444],[103.732109,1.203859],[103.732038,1.203365],[103.731764,1.203313],[103.73335,1.203394],[103.73365,1.20354],[103.733605,1.204037],[103.731982,1.205957],[103.7324,1.205387],[103.731644,1.205228],[103.730287,1.206357],[103.729654,1.206698],[103.729157,1.20678],[103.728793,1.206646],[103.728416,1.206831],[103.727543,1.207907],[103.727381,1.207916],[103.727497,1.208406],[103.728059,1.209155],[103.728399,1.209135],[103.729199,1.209644],[103.73,1.209399],[103.730338,1.208292],[103.73063,1.207901],[103.729736,1.210448],[103.729437,1.210934],[103.728099,1.211692],[103.728617,1.211376],[103.72847,1.211133],[103.727428,1.210547],[103.727043,1.210151],[103.725901,1.209888],[103.725314,1.209975],[103.724218,1.210606],[103.723262,1.212109],[103.723559,1.213055],[103.724918,1.212625],[103.723453,1.213133]]],[[[103.760103,1.212901],[103.75949,1.214551],[103.759551,1.215243],[103.759077,1.217228],[103.758901,1.217411],[103.758785,1.217109],[103.758983,1.216543],[103.758758,1.21502],[103.7592,1.21428],[103.759206,1.212093],[103.758925,1.211234],[103.758943,1.210303],[103.758726,1.21001],[103.758786,1.209816],[103.758036,1.208851],[103.757715,1.206374],[103.757849,1.206193],[103.757646,1.206101],[103.758461,1.203649],[103.75841,1.2031],[103.758918,1.201843],[103.759329,1.201227],[103.759646,1.201022],[103.7607,1.202091],[103.760913,1.202952],[103.761143,1.203001],[103.761251,1.202128],[103.761639,1.201935],[103.762648,1.20286],[103.762466,1.203117],[103.762736,1.203416],[103.762598,1.203701],[103.762043,1.2037],[103.76157,1.20415],[103.762053,1.203811],[103.762588,1.203859],[103.762871,1.203468],[103.762813,1.203079],[103.763263,1.20347],[103.763153,1.203842],[103.763291,1.203855],[103.763536,1.203768],[103.763308,1.203012],[103.763761,1.201544],[103.763628,1.200559],[103.763132,1.199492],[103.760525,1.196257],[103.76043,1.195616],[103.760596,1.194994],[103.761301,1.194046],[103.765252,1.190082],[103.76651,1.189029],[103.767663,1.188485],[103.768742,1.188298],[103.769995,1.188414],[103.770997,1.188729],[103.773065,1.190094],[103.775324,1.192292],[103.775688,1.193271],[103.775872,1.195751],[103.776204,1.196484],[103.776878,1.197012],[103.780014,1.198561],[103.780781,1.19927],[103.781355,1.200198],[103.781748,1.201795],[103.781534,1.205787],[103.781075,1.208647],[103.780698,1.209637],[103.780451,1.209793],[103.780425,1.210372],[103.775286,1.210286],[103.775288,1.209876],[103.773268,1.209279],[103.770886,1.207858],[103.770019,1.207582],[103.768952,1.207651],[103.76727,1.208277],[103.76596,1.208148],[103.763585,1.207108],[103.763526,1.206385],[103.763348,1.206148],[103.763223,1.206121],[103.763531,1.206797],[103.763442,1.207415],[103.763223,1.207146],[103.763181,1.207323],[103.762956,1.207267],[103.76289,1.207401],[103.762511,1.207282],[103.763141,1.207628],[103.763232,1.207935],[103.76302,1.207923],[103.762917,1.207712],[103.762784,1.208009],[103.762233,1.207739],[103.762012,1.207395],[103.761585,1.207288],[103.760618,1.207753],[103.760855,1.207943],[103.76137,1.207432],[103.761643,1.207379],[103.761895,1.207456],[103.762221,1.207861],[103.763012,1.208195],[103.763018,1.208426],[103.762708,1.208395],[103.762399,1.208585],[103.762906,1.209932],[103.76252,1.210425],[103.762096,1.209879],[103.761923,1.210188],[103.761444,1.209897],[103.760837,1.209855],[103.76151,1.210059],[103.76151,1.210705],[103.76126,1.211012],[103.761068,1.211005],[103.761017,1.211818],[103.761219,1.21202],[103.76115,1.21239],[103.761525,1.21287],[103.760871,1.213185],[103.760103,1.212901]],[[103.763535,1.204176],[103.763666,1.20418],[103.763548,1.203802],[103.763528,1.20399],[103.763535,1.204176]]],[[[103.712534,1.291625],[103.712015,1.292289],[103.711813,1.293075],[103.711853,1.297356],[103.711336,1.297363],[103.711299,1.292937],[103.711509,1.292128],[103.711848,1.291603],[103.710632,1.291866],[103.708495,1.29272],[103.708372,1.292514],[103.708,1.292443],[103.706412,1.292463],[103.705304,1.291844],[103.70476,1.291025],[103.704026,1.290894],[103.697973,1.283553],[103.696304,1.28218],[103.695721,1.281396],[103.696332,1.280907],[103.695981,1.279812],[103.695582,1.279155],[103.696596,1.277486],[103.696514,1.277562],[103.696002,1.277238],[103.695896,1.277656],[103.695379,1.277627],[103.695467,1.27713],[103.695666,1.277126],[103.695723,1.276943],[103.694818,1.276905],[103.693368,1.275999],[103.692256,1.277088],[103.692091,1.27707],[103.688059,1.272752],[103.684226,1.276532],[103.687229,1.278861],[103.691015,1.282558],[103.691641,1.2848],[103.696822,1.290385],[103.696904,1.290797],[103.696604,1.291169],[103.692754,1.290688],[103.688646,1.290818],[103.686668,1.290384],[103.68424,1.289572],[103.676351,1.284937],[103.660803,1.274],[103.658761,1.276852],[103.653726,1.272911],[103.653725,1.268014],[103.663017,1.244975],[103.665048,1.242639],[103.668804,1.234858],[103.669428,1.234604],[103.672912,1.234493],[103.673853,1.232739],[103.674495,1.232258],[103.674944,1.232256],[103.676674,1.228755],[103.676568,1.2284],[103.676118,1.227949],[103.675942,1.227281],[103.672159,1.22358],[103.671763,1.223735],[103.670149,1.227102],[103.669966,1.22833],[103.669658,1.228379],[103.6698,1.226964],[103.671428,1.223544],[103.67212,1.222849],[103.672737,1.222622],[103.673396,1.222621],[103.674412,1.223155],[103.682871,1.23171],[103.682944,1.232119],[103.682544,1.23309],[103.687003,1.237596],[103.687685,1.236917],[103.688071,1.236942],[103.689769,1.238733],[103.690391,1.240026],[103.690514,1.240922],[103.690383,1.241996],[103.685913,1.257733],[103.680128,1.263061],[103.68497,1.2684],[103.69041,1.263394],[103.694124,1.250257],[103.696407,1.250926],[103.70613,1.254525],[103.713734,1.258686],[103.714079,1.259016],[103.71419,1.259667],[103.71383,1.260217],[103.70481,1.265594],[103.706123,1.268353],[103.708739,1.266951],[103.708965,1.267101],[103.710189,1.269276],[103.710703,1.268219],[103.7108,1.26674],[103.717752,1.262974],[103.719639,1.261363],[103.720686,1.260987],[103.721521,1.260914],[103.722164,1.260301],[103.722811,1.25994],[103.723275,1.259881],[103.72917,1.26258],[103.733711,1.266257],[103.733688,1.26655],[103.732618,1.268642],[103.731973,1.269246],[103.730055,1.270124],[103.72609,1.27129],[103.725961,1.271484],[103.726165,1.271667],[103.729696,1.270516],[103.731127,1.270286],[103.731614,1.2704],[103.732855,1.269225],[103.734763,1.27011],[103.737152,1.270624],[103.738555,1.271464],[103.739716,1.272469],[103.740075,1.273005],[103.740189,1.273398],[103.740044,1.273799],[103.735857,1.278044],[103.733779,1.278547],[103.73195,1.278662],[103.731692,1.278909],[103.731842,1.279065],[103.731648,1.279256],[103.731853,1.27947],[103.731589,1.279726],[103.730875,1.279338],[103.73067,1.279831],[103.730857,1.280025],[103.73069,1.28019],[103.730891,1.280394],[103.730714,1.280568],[103.73052,1.280362],[103.730319,1.280547],[103.73054,1.280773],[103.730363,1.280937],[103.730147,1.280716],[103.729858,1.280938],[103.729575,1.280664],[103.72919,1.280954],[103.72843,1.282071],[103.726456,1.284174],[103.726251,1.285893],[103.725899,1.287228],[103.725325,1.288489],[103.724516,1.289596],[103.721745,1.291126],[103.721001,1.291343],[103.720199,1.291138],[103.718873,1.289987],[103.719792,1.291466],[103.718158,1.291993],[103.71785,1.291914],[103.717592,1.290848],[103.717415,1.290672],[103.712534,1.291625]],[[103.693811,1.290593],[103.69381,1.290593],[103.69382,1.290598],[103.693811,1.290593]]]]}},{"type":"Feature","properties":{"planningAreaCode":"WC","planningAreaName":"WESTERN WATER CATCHMENT"},"geometry":{"type":"MultiPolygon","coordinates":[[[[103.685272,1.43353],[103.685468,1.434375],[103.68571,1.434697],[103.685398,1.435063],[103.684446,1.434496],[103.684254,1.434221],[103.685272,1.43353]]],[[[103.661128,1.396805],[103.661876,1.397413],[103.661908,1.397925],[103.661516,1.399047],[103.661253,1.399244],[103.660813,1.398855],[103.661026,1.398568],[103.660732,1.398096],[103.660552,1.39735],[103.660289,1.397083],[103.661128,1.396805]]],[[[103.693015,1.433672],[103.692699,1.433479],[103.690899,1.433434],[103.690553,1.433063],[103.689646,1.433352],[103.689232,1.432906],[103.688603,1.433044],[103.688481,1.432586],[103.687776,1.431712],[103.687576,1.432003],[103.686313,1.431895],[103.685771,1.431395],[103.685939,1.430311],[103.685831,1.429973],[103.685523,1.430409],[103.684363,1.430515],[103.683306,1.431174],[103.683069,1.431058],[103.682951,1.430523],[103.682422,1.430195],[103.681398,1.429142],[103.678996,1.428526],[103.678801,1.428876],[103.678059,1.42912],[103.677396,1.428164],[103.676894,1.427774],[103.676866,1.42733],[103.67656,1.426903],[103.676404,1.426307],[103.676906,1.426086],[103.675926,1.426234],[103.674301,1.425175],[103.6739,1.423507],[103.673993,1.423234],[103.673512,1.422013],[103.673633,1.421282],[103.674143,1.420522],[103.674491,1.42043],[103.674925,1.42071],[103.674373,1.41999],[103.674827,1.419253],[103.674156,1.419772],[103.674131,1.420055],[103.673928,1.420143],[103.673363,1.419962],[103.672721,1.419383],[103.672265,1.419238],[103.672216,1.41906],[103.672473,1.418804],[103.673086,1.41853],[103.673025,1.417775],[103.672624,1.41777],[103.672164,1.418009],[103.671964,1.417762],[103.672061,1.417469],[103.671525,1.415932],[103.671538,1.415296],[103.671803,1.414625],[103.672706,1.413791],[103.672123,1.413487],[103.671192,1.413701],[103.670584,1.413283],[103.670308,1.412895],[103.670599,1.411697],[103.669831,1.411019],[103.669593,1.410221],[103.668311,1.409558],[103.668052,1.408744],[103.66687,1.409349],[103.66514,1.408919],[103.664984,1.408141],[103.665079,1.407747],[103.664313,1.406311],[103.663191,1.405787],[103.66283,1.405846],[103.662488,1.405533],[103.662614,1.404758],[103.662885,1.404347],[103.663028,1.403256],[103.663437,1.402745],[103.663476,1.402164],[103.663883,1.401959],[103.663393,1.401897],[103.66297,1.401456],[103.662727,1.400694],[103.663253,1.400323],[103.66307,1.399993],[103.662694,1.400262],[103.662054,1.398733],[103.66285,1.397307],[103.662371,1.394858],[103.662739,1.392518],[103.661613,1.390537],[103.661467,1.389706],[103.661605,1.388861],[103.661254,1.388348],[103.660422,1.388042],[103.659833,1.38699],[103.659952,1.386339],[103.660443,1.385993],[103.660232,1.385263],[103.660044,1.384979],[103.659915,1.385018],[103.659757,1.385965],[103.659079,1.385731],[103.658527,1.385043],[103.658063,1.384837],[103.657456,1.384233],[103.657473,1.383866],[103.657992,1.383349],[103.657142,1.38364],[103.656954,1.383504],[103.657374,1.382724],[103.657223,1.382265],[103.654999,1.378432],[103.654618,1.376925],[103.653576,1.374815],[103.653427,1.37465],[103.652722,1.374645],[103.652946,1.373885],[103.652703,1.373485],[103.652715,1.373013],[103.652554,1.372983],[103.652365,1.373222],[103.651928,1.374326],[103.651403,1.374714],[103.650905,1.374323],[103.65117,1.373768],[103.651065,1.373174],[103.650761,1.372993],[103.649548,1.372824],[103.649346,1.372637],[103.649138,1.372158],[103.649383,1.371761],[103.649083,1.370963],[103.646799,1.367613],[103.646513,1.366457],[103.645589,1.364737],[103.64533,1.363735],[103.644684,1.362935],[103.644505,1.362231],[103.643764,1.360735],[103.642551,1.359168],[103.640956,1.358106],[103.640672,1.357673],[103.640594,1.358041],[103.640394,1.358099],[103.64013,1.35717],[103.640012,1.355871],[103.639358,1.354138],[103.638793,1.353104],[103.644103,1.348295],[103.644905,1.347868],[103.646958,1.345447],[103.647779,1.345044],[103.649876,1.344884],[103.651711,1.343467],[103.652082,1.342353],[103.651391,1.340667],[103.651422,1.339793],[103.651959,1.338764],[103.654434,1.33641],[103.656726,1.334543],[103.657138,1.333569],[103.665446,1.330138],[103.667184,1.328329],[103.667721,1.327988],[103.671207,1.329837],[103.672331,1.330196],[103.673729,1.330404],[103.674932,1.33105],[103.675514,1.331908],[103.677218,1.337227],[103.677916,1.338408],[103.679034,1.339181],[103.680494,1.33948],[103.681605,1.339523],[103.682721,1.340006],[103.690669,1.346222],[103.692547,1.348087],[103.696996,1.354037],[103.702199,1.360137],[103.704871,1.363074],[103.70719,1.365106],[103.709099,1.366383],[103.710284,1.366932],[103.711577,1.367398],[103.714557,1.368059],[103.72134,1.370136],[103.724008,1.371425],[103.726805,1.373425],[103.730536,1.377075],[103.74157,1.386613],[103.740293,1.389487],[103.740163,1.390347],[103.74029,1.391524],[103.74072,1.392532],[103.742075,1.394713],[103.742662,1.396106],[103.743646,1.4021],[103.744542,1.403822],[103.746018,1.405488],[103.744136,1.406077],[103.743315,1.406515],[103.742564,1.407208],[103.741884,1.408258],[103.741569,1.409351],[103.741556,1.410194],[103.74212,1.412984],[103.742087,1.413985],[103.739329,1.422281],[103.728738,1.411638],[103.727889,1.411175],[103.718561,1.411068],[103.71707,1.413438],[103.716246,1.414226],[103.715586,1.414455],[103.714681,1.414332],[103.713895,1.413423],[103.713368,1.413009],[103.712875,1.412855],[103.71087,1.412997],[103.708953,1.412389],[103.705597,1.412184],[103.70515,1.412381],[103.702227,1.415299],[103.701743,1.416391],[103.700973,1.416773],[103.701565,1.418054],[103.699729,1.418683],[103.698651,1.41865],[103.700111,1.423187],[103.697011,1.42426],[103.697125,1.426108],[103.695784,1.427741],[103.695034,1.431525],[103.694325,1.432431],[103.69339,1.432634],[103.693015,1.433672]]]]}},{"type":"Feature","properties":{"planningAreaCode":"WD","planningAreaName":"WOODLANDS"},"geometry":{"type":"Polygon","coordinates":[[[103.792811,1.460483],[103.791756,1.462025],[103.791413,1.46173],[103.791508,1.461585],[103.790974,1.461215],[103.789426,1.460561],[103.788172,1.459491],[103.787556,1.459205],[103.787177,1.458688],[103.785679,1.457881],[103.784731,1.456825],[103.784217,1.456569],[103.783472,1.455584],[103.782703,1.455442],[103.782326,1.45498],[103.781632,1.454708],[103.78158,1.454554],[103.778854,1.452917],[103.778731,1.453021],[103.77846,1.452824],[103.77851,1.452679],[103.776334,1.451262],[103.774571,1.450802],[103.772831,1.449946],[103.770862,1.448492],[103.770618,1.448707],[103.769408,1.452686],[103.769054,1.452488],[103.76986,1.449826],[103.769599,1.448689],[103.768974,1.447752],[103.767366,1.446407],[103.76684,1.445],[103.767063,1.444184],[103.764645,1.443673],[103.764396,1.44345],[103.76526,1.442909],[103.765659,1.441935],[103.766764,1.440679],[103.767465,1.440486],[103.768417,1.440511],[103.768553,1.43405],[103.76879,1.431947],[103.770894,1.425387],[103.771189,1.423651],[103.771266,1.421508],[103.77481,1.424236],[103.776223,1.424998],[103.778844,1.425981],[103.780774,1.426418],[103.782052,1.426537],[103.785212,1.426461],[103.788351,1.425804],[103.790266,1.425069],[103.794969,1.422566],[103.806177,1.435362],[103.810941,1.441051],[103.81147,1.442448],[103.8117,1.444278],[103.807192,1.446173],[103.803995,1.448629],[103.80322,1.449691],[103.801229,1.454027],[103.800497,1.456671],[103.798861,1.45621],[103.797573,1.455521],[103.794955,1.457619],[103.794111,1.458647],[103.793312,1.460484],[103.792811,1.460483]]]}},{"type":"Feature","properties":{"planningAreaCode":"RV","planningAreaName":"RIVER VALLEY"},"geometry":{"type":"Polygon","coordinates":[[[103.830587,1.304],[103.829097,1.304631],[103.827607,1.304453],[103.825498,1.303015],[103.823413,1.302678],[103.823268,1.301171],[103.823779,1.30049],[103.826237,1.299275],[103.828833,1.298985],[103.82995,1.299196],[103.830338,1.29561],[103.832044,1.296227],[103.832918,1.296291],[103.832594,1.295199],[103.834105,1.292473],[103.835523,1.292489],[103.835847,1.291813],[103.836324,1.29271],[103.838271,1.29174],[103.838769,1.290967],[103.839551,1.291254],[103.840706,1.292075],[103.842141,1.29413],[103.841937,1.294402],[103.842171,1.294553],[103.842066,1.295069],[103.842811,1.295654],[103.842988,1.295602],[103.843305,1.296677],[103.842241,1.298664],[103.840832,1.299242],[103.839657,1.299243],[103.838833,1.29824],[103.837752,1.298461],[103.837367,1.299699],[103.835567,1.300108],[103.83483,1.300436],[103.831585,1.303384],[103.830587,1.304]]]}},{"type":"Feature","properties":{"planningAreaCode":"RC","planningAreaName":"ROCHOR"},"geometry":{"type":"Polygon","coordinates":[[[103.85963,1.305829],[103.854473,1.310618],[103.855414,1.311805],[103.854365,1.31362],[103.853385,1.312554],[103.852485,1.310523],[103.85113,1.308738],[103.85065,1.309109],[103.848764,1.306623],[103.84704,1.308141],[103.84656,1.306907],[103.84867,1.305407],[103.848275,1.304875],[103.848479,1.304766],[103.848388,1.303773],[103.848156,1.303453],[103.845993,1.304775],[103.845421,1.303997],[103.845823,1.303308],[103.845373,1.302241],[103.845867,1.302009],[103.845425,1.301364],[103.846405,1.300085],[103.846773,1.300399],[103.847292,1.299912],[103.847922,1.29998],[103.848102,1.29969],[103.848913,1.299997],[103.849111,1.299711],[103.84946,1.299592],[103.849152,1.299141],[103.849615,1.298761],[103.849522,1.298647],[103.849894,1.298341],[103.850098,1.298583],[103.850749,1.297816],[103.850863,1.297963],[103.851639,1.297279],[103.851473,1.297074],[103.852306,1.296384],[103.855854,1.300632],[103.854635,1.30182],[103.854027,1.30271],[103.854213,1.303049],[103.854461,1.303086],[103.856188,1.302481],[103.857887,1.301252],[103.859423,1.299782],[103.860361,1.300497],[103.862277,1.301582],[103.85963,1.305829]]]}},{"type":"Feature","properties":{"planningAreaCode":"SR","planningAreaName":"SINGAPORE RIVER"},"geometry":{"type":"Polygon","coordinates":[[[103.834103,1.292476],[103.832594,1.295199],[103.832918,1.296291],[103.832044,1.296227],[103.830338,1.29561],[103.831806,1.292155],[103.833428,1.29237],[103.834917,1.289579],[103.835062,1.288462],[103.835002,1.287269],[103.835178,1.286959],[103.835488,1.287387],[103.83583,1.287425],[103.836371,1.28686],[103.836853,1.28793],[103.836984,1.287975],[103.837096,1.287654],[103.837972,1.287977],[103.837864,1.288285],[103.838572,1.288534],[103.83866,1.288822],[103.840087,1.289191],[103.841709,1.288104],[103.842471,1.287825],[103.843133,1.287782],[103.847183,1.285435],[103.847775,1.286415],[103.849539,1.285575],[103.850125,1.285793],[103.850816,1.2863],[103.849422,1.288977],[103.848055,1.289819],[103.848271,1.290081],[103.84739,1.290428],[103.842141,1.29413],[103.840706,1.292075],[103.839551,1.291254],[103.838769,1.290967],[103.838271,1.29174],[103.836324,1.29271],[103.835847,1.291813],[103.835523,1.292489],[103.834103,1.292476]]]}},{"type":"Feature","properties":{"planningAreaCode":"SV","planningAreaName":"STRAITS VIEW"},"geometry":{"type":"Polygon","coordinates":[[[103.859971,1.267785],[103.863224,1.270143],[103.863065,1.270368],[103.866429,1.272837],[103.858426,1.278043],[103.852491,1.26872],[103.851564,1.269263],[103.851566,1.268105],[103.852613,1.268106],[103.854679,1.266109],[103.855863,1.265637],[103.857192,1.265837],[103.859096,1.267151],[103.860854,1.264699],[103.861725,1.265338],[103.859971,1.267785]]]}},{"type":"Feature","properties":{"planningAreaCode":"CB","planningAreaName":"CHANGI BAY"},"geometry":{"type":"MultiPolygon","coordinates":[[[[104.084128,1.322449],[104.084389,1.322818],[104.084094,1.323272],[104.083211,1.322634],[104.083455,1.322295],[104.084128,1.322449]]],[[[104.071663,1.291949],[104.071307,1.292065],[104.070859,1.291925],[104.070487,1.291369],[104.070559,1.291046],[104.071182,1.290868],[104.071588,1.291056],[104.071846,1.291435],[104.071663,1.291949]]],[[[104.037015,1.358162],[104.033445,1.360533],[104.031871,1.35839],[104.03303,1.358788],[104.033553,1.358699],[104.034403,1.3582],[104.034731,1.35835],[104.036684,1.357049],[104.037857,1.356933],[104.040957,1.354514],[104.042063,1.353251],[104.042641,1.351747],[104.042611,1.3507],[104.041856,1.349666],[104.04182,1.349091],[104.042015,1.348783],[104.042386,1.34859],[104.043157,1.348719],[104.043598,1.349494],[104.043531,1.350547],[104.042947,1.352599],[104.042224,1.353798],[104.041352,1.354852],[104.037015,1.358162]]],[[[104.031429,1.357406],[104.031331,1.357653],[104.031154,1.357365],[104.031394,1.35631],[104.031097,1.35471],[104.017847,1.323268],[104.014801,1.31568],[104.022777,1.315915],[104.022665,1.320209],[104.028952,1.320376],[104.029063,1.316081],[104.032695,1.316177],[104.033553,1.317435],[104.032735,1.317994],[104.03255,1.324596],[104.021389,1.32432],[104.020758,1.325663],[104.020693,1.327303],[104.021159,1.328958],[104.022764,1.333084],[104.024746,1.33701],[104.025624,1.339679],[104.032571,1.355867],[104.032486,1.356534],[104.032282,1.356882],[104.031429,1.357406]]]]}},{"type":"Feature","properties":{"planningAreaCode":"MP","planningAreaName":"MARINE PARADE"},"geometry":{"type":"Polygon","coordinates":[[[103.908535,1.308257],[103.906706,1.313323],[103.901502,1.309541],[103.894618,1.309577],[103.889725,1.308589],[103.89012,1.306949],[103.890021,1.306625],[103.889684,1.306323],[103.885049,1.30546],[103.884349,1.305145],[103.8838,1.304539],[103.884386,1.303773],[103.884733,1.302603],[103.885518,1.301201],[103.885329,1.295763],[103.877668,1.295522],[103.87669,1.294908],[103.875884,1.293664],[103.875468,1.292394],[103.875476,1.291279],[103.881079,1.284839],[103.88393,1.28791],[103.884688,1.288103],[103.885403,1.287757],[103.886074,1.288342],[103.886049,1.288576],[103.888688,1.290809],[103.889415,1.290834],[103.89009,1.290385],[103.890806,1.291056],[103.890783,1.291272],[103.893328,1.293537],[103.894133,1.293641],[103.894852,1.293225],[103.895585,1.29381],[103.895686,1.294068],[103.898793,1.29544],[103.900593,1.295855],[103.905439,1.297717],[103.908139,1.298211],[103.911889,1.299174],[103.914573,1.300556],[103.915412,1.300687],[103.916189,1.301223],[103.917495,1.301801],[103.917966,1.301667],[103.919509,1.301993],[103.918594,1.306555],[103.91826,1.307471],[103.909983,1.305547],[103.908535,1.308257]]]}},{"type":"Feature","properties":{"planningAreaCode":"DT","planningAreaName":"DOWNTOWN CORE"},"geometry":{"type":"Polygon","coordinates":[[[103.86696,1.303325],[103.866153,1.304364],[103.864385,1.30287],[103.860361,1.300497],[103.859423,1.299782],[103.857887,1.301252],[103.856188,1.302481],[103.854461,1.303086],[103.854089,1.302952],[103.854027,1.30271],[103.854635,1.30182],[103.855854,1.300632],[103.850673,1.294628],[103.848675,1.290617],[103.848055,1.289819],[103.849422,1.288977],[103.850816,1.2863],[103.850125,1.285793],[103.849539,1.285575],[103.847775,1.286415],[103.847183,1.285435],[103.849063,1.284366],[103.849656,1.283796],[103.848523,1.28221],[103.849188,1.281814],[103.848717,1.281054],[103.848582,1.281132],[103.847582,1.279528],[103.846487,1.279942],[103.845935,1.28075],[103.845389,1.28017],[103.845165,1.280945],[103.844769,1.28134],[103.844051,1.280614],[103.845186,1.27916],[103.844518,1.275511],[103.843298,1.275694],[103.84306,1.274561],[103.841888,1.274817],[103.841528,1.274389],[103.841372,1.274155],[103.842155,1.272589],[103.845677,1.272564],[103.845571,1.272355],[103.846851,1.272081],[103.847689,1.271725],[103.852491,1.26872],[103.860683,1.281702],[103.861309,1.283473],[103.861467,1.284408],[103.861608,1.288557],[103.864286,1.288544],[103.864715,1.288828],[103.864984,1.289313],[103.864452,1.294013],[103.865322,1.294173],[103.865253,1.29701],[103.865433,1.298002],[103.865887,1.298837],[103.868199,1.301098],[103.868798,1.302132],[103.869076,1.302973],[103.868951,1.303628],[103.868506,1.304326],[103.86696,1.303325]]]}},{"type":"Feature","properties":{"planningAreaCode":"ME","planningAreaName":"MARINA EAST"},"geometry":{"type":"Polygon","coordinates":[[[103.880249,1.283859],[103.881079,1.284839],[103.875662,1.291025],[103.875433,1.291467],[103.875523,1.29267],[103.875884,1.293664],[103.87669,1.294908],[103.877668,1.295522],[103.871615,1.295254],[103.864452,1.294013],[103.86502,1.289853],[103.864984,1.289313],[103.864728,1.28885],[103.872517,1.281284],[103.873684,1.282145],[103.873857,1.28199],[103.87375,1.282195],[103.875307,1.280936],[103.876125,1.280557],[103.877314,1.280512],[103.877598,1.280757],[103.877437,1.281013],[103.876952,1.280722],[103.875944,1.280786],[103.880249,1.283859]]]}},{"type":"Feature","properties":{"planningAreaCode":"MS","planningAreaName":"MARINA SOUTH"},"geometry":{"type":"Polygon","coordinates":[[[103.864728,1.28885],[103.864286,1.288544],[103.863771,1.288453],[103.861608,1.288557],[103.861526,1.285096],[103.861309,1.283473],[103.860683,1.281702],[103.858426,1.278043],[103.866427,1.272838],[103.871159,1.276323],[103.87169,1.276901],[103.872013,1.277611],[103.87211,1.278504],[103.871569,1.279976],[103.871844,1.280177],[103.871557,1.28],[103.871443,1.280493],[103.872516,1.281285],[103.864728,1.28885]]]}},{"type":"Feature","properties":{"planningAreaCode":"MU","planningAreaName":"MUSEUM"},"geometry":{"type":"Polygon","coordinates":[[[103.846405,1.300085],[103.845144,1.301739],[103.844269,1.299595],[103.842984,1.300012],[103.84283,1.299376],[103.841626,1.299754],[103.841358,1.299073],[103.842241,1.298664],[103.843305,1.296677],[103.842988,1.295602],[103.842811,1.295654],[103.842066,1.295069],[103.842171,1.294553],[103.841937,1.294402],[103.842519,1.293768],[103.84739,1.290428],[103.848267,1.290082],[103.848675,1.290617],[103.850502,1.294388],[103.852306,1.296384],[103.851473,1.297074],[103.851639,1.297279],[103.850863,1.297963],[103.850749,1.297816],[103.850098,1.298583],[103.849894,1.298341],[103.849522,1.298647],[103.849615,1.298761],[103.849152,1.299141],[103.84946,1.299592],[103.849111,1.299711],[103.848913,1.299997],[103.848102,1.29969],[103.847922,1.29998],[103.847292,1.299912],[103.846773,1.300399],[103.846405,1.300085]]]}},{"type":"Feature","properties":{"planningAreaCode":"NT","planningAreaName":"NEWTON"},"geometry":{"type":"Polygon","coordinates":[[[103.845769,1.309844],[103.844955,1.310345],[103.843164,1.311003],[103.83953,1.312738],[103.83534,1.317369],[103.829427,1.312602],[103.828003,1.312085],[103.827738,1.311718],[103.827338,1.310246],[103.826732,1.30907],[103.827693,1.308094],[103.827757,1.30745],[103.828163,1.30824],[103.829172,1.307599],[103.829565,1.307968],[103.831296,1.307123],[103.831686,1.307986],[103.832352,1.307766],[103.832493,1.308208],[103.833239,1.307986],[103.833555,1.308924],[103.834159,1.309793],[103.834851,1.309488],[103.835481,1.309059],[103.835124,1.308376],[103.835718,1.307442],[103.835874,1.306802],[103.834994,1.30669],[103.835026,1.306494],[103.834478,1.30648],[103.834137,1.306017],[103.833681,1.306018],[103.833677,1.305634],[103.833964,1.305105],[103.834643,1.304444],[103.83531,1.304177],[103.835562,1.304265],[103.835822,1.304771],[103.836612,1.304366],[103.836813,1.304742],[103.837701,1.303841],[103.837718,1.302341],[103.838864,1.301978],[103.838806,1.301804],[103.839214,1.30164],[103.839422,1.301575],[103.839469,1.302319],[103.839823,1.303252],[103.841248,1.302794],[103.843224,1.300999],[103.842984,1.300012],[103.844269,1.299595],[103.845144,1.301739],[103.845425,1.301364],[103.845867,1.302009],[103.845373,1.302241],[103.845823,1.303308],[103.84541,1.30396],[103.845852,1.304713],[103.846183,1.304682],[103.848156,1.303453],[103.848388,1.303773],[103.848479,1.304766],[103.848275,1.304875],[103.84867,1.305407],[103.84656,1.306907],[103.84704,1.308141],[103.845769,1.309844]]]}},{"type":"Feature","properties":{"planningAreaCode":"OR","planningAreaName":"ORCHARD"},"geometry":{"type":"Polygon","coordinates":[[[103.83578,1.30731],[103.835124,1.308376],[103.835458,1.309101],[103.834159,1.309793],[103.833555,1.308924],[103.833239,1.307986],[103.832493,1.308208],[103.832352,1.307766],[103.831686,1.307986],[103.831296,1.307123],[103.829565,1.307968],[103.829172,1.307599],[103.828163,1.30824],[103.82746,1.307122],[103.825102,1.305618],[103.822664,1.305054],[103.823381,1.304165],[103.823506,1.30355],[103.823413,1.302678],[103.825498,1.303015],[103.827076,1.304173],[103.827809,1.304526],[103.829303,1.304597],[103.831585,1.303384],[103.83483,1.300436],[103.835567,1.300108],[103.837367,1.299699],[103.837752,1.298461],[103.838833,1.29824],[103.839657,1.299243],[103.840711,1.299265],[103.841358,1.299073],[103.841626,1.299754],[103.84283,1.299376],[103.843224,1.300999],[103.841248,1.302794],[103.839823,1.303252],[103.839469,1.302319],[103.839422,1.301575],[103.839214,1.30164],[103.838806,1.301804],[103.838864,1.301978],[103.837718,1.302341],[103.837701,1.303841],[103.836813,1.304742],[103.836612,1.304366],[103.835822,1.304771],[103.835562,1.304265],[103.83531,1.304177],[103.834643,1.304444],[103.833912,1.305161],[103.833677,1.305634],[103.833681,1.306018],[103.834137,1.306017],[103.834478,1.30648],[103.835026,1.306494],[103.834994,1.30669],[103.835874,1.306802],[103.83578,1.30731]]]}},{"type":"Feature","properties":{"planningAreaCode":"OT","planningAreaName":"OUTRAM"},"geometry":{"type":"Polygon","coordinates":[[[103.843133,1.287782],[103.842049,1.287954],[103.840249,1.289129],[103.839764,1.289168],[103.83866,1.288822],[103.838572,1.288534],[103.837864,1.288285],[103.837972,1.287977],[103.837096,1.287654],[103.836984,1.287975],[103.836853,1.28793],[103.836371,1.28686],[103.83583,1.287425],[103.835488,1.287387],[103.835178,1.286959],[103.835002,1.287269],[103.834773,1.286178],[103.834914,1.285146],[103.835485,1.283822],[103.836413,1.282872],[103.838585,1.281474],[103.839242,1.280792],[103.840597,1.277547],[103.841003,1.27521],[103.841372,1.274155],[103.841888,1.274817],[103.84306,1.274561],[103.843298,1.275694],[103.844518,1.275511],[103.845186,1.27916],[103.844051,1.280614],[103.844769,1.28134],[103.845165,1.280945],[103.845389,1.28017],[103.845935,1.28075],[103.846487,1.279942],[103.847582,1.279528],[103.848582,1.281132],[103.848717,1.281054],[103.849188,1.281814],[103.848523,1.28221],[103.849656,1.283796],[103.848749,1.284564],[103.843133,1.287782]]]}},{"type":"Feature","properties":{"planningAreaCode":"TM","planningAreaName":"TAMPINES"},"geometry":{"type":"Polygon","coordinates":[[[103.970656,1.341462],[103.967806,1.345668],[103.966533,1.347959],[103.965296,1.349742],[103.962613,1.357642],[103.962006,1.358884],[103.960637,1.360921],[103.959063,1.362555],[103.956952,1.364074],[103.954909,1.365042],[103.946704,1.367109],[103.944639,1.367959],[103.943268,1.368974],[103.940745,1.371213],[103.935106,1.374279],[103.931888,1.375782],[103.930712,1.373137],[103.930402,1.371859],[103.930931,1.36611],[103.930826,1.359421],[103.930262,1.357913],[103.925639,1.34943],[103.92497,1.348585],[103.926298,1.347443],[103.929757,1.34525],[103.938649,1.336491],[103.940604,1.335956],[103.948975,1.334334],[103.954172,1.326604],[103.960395,1.321367],[103.963634,1.31442],[103.964155,1.314131],[103.964709,1.314121],[103.966063,1.314775],[103.966514,1.314544],[103.968485,1.315366],[103.96859,1.315129],[103.968826,1.315088],[103.96944,1.315557],[103.970488,1.315889],[103.971128,1.315527],[103.97193,1.315969],[103.972458,1.316073],[103.973878,1.31598],[103.974722,1.316208],[103.975165,1.315979],[103.975981,1.316229],[103.976697,1.316172],[103.976696,1.315431],[103.978743,1.316155],[103.97863,1.316345],[103.978745,1.316476],[103.979305,1.316585],[103.981617,1.316544],[103.982936,1.316329],[103.983472,1.316696],[103.98382,1.31668],[103.984812,1.318987],[103.980683,1.320774],[103.97856,1.322426],[103.983561,1.334276],[103.983469,1.335039],[103.980838,1.336162],[103.979675,1.336437],[103.979907,1.336958],[103.972416,1.34016],[103.970656,1.341462]]]}},{"type":"Feature","properties":{"planningAreaCode":"TN","planningAreaName":"TANGLIN"},"geometry":{"type":"Polygon","coordinates":[[[103.827613,1.307275],[103.827804,1.307573],[103.827774,1.307944],[103.826732,1.30907],[103.82749,1.310608],[103.827916,1.311998],[103.828274,1.312255],[103.829427,1.312602],[103.83534,1.317369],[103.823966,1.32125],[103.820118,1.322361],[103.818927,1.322657],[103.813356,1.323295],[103.81294,1.321636],[103.811586,1.320141],[103.808993,1.318703],[103.804939,1.314903],[103.804592,1.31423],[103.802284,1.307242],[103.802653,1.307218],[103.803284,1.306517],[103.803856,1.302542],[103.804804,1.300482],[103.806264,1.300173],[103.806681,1.299936],[103.80768,1.299951],[103.807732,1.29975],[103.808399,1.300311],[103.808941,1.299576],[103.808612,1.298363],[103.809207,1.298108],[103.809833,1.297245],[103.810311,1.296901],[103.811221,1.296736],[103.816598,1.296767],[103.815977,1.294106],[103.817403,1.294333],[103.817868,1.293929],[103.821617,1.293572],[103.824389,1.29193],[103.826106,1.292425],[103.828597,1.29272],[103.831045,1.29208],[103.831806,1.292155],[103.830243,1.295948],[103.82995,1.299196],[103.828833,1.298985],[103.826237,1.299275],[103.823779,1.30049],[103.823268,1.301171],[103.823471,1.30382],[103.823291,1.30438],[103.822664,1.305054],[103.825039,1.305584],[103.827613,1.307275]]]}},{"type":"Feature","properties":{"planningAreaCode":"TH","planningAreaName":"TENGAH"},"geometry":{"type":"Polygon","coordinates":[[[103.737264,1.346003],[103.73814,1.347559],[103.738263,1.348813],[103.737771,1.350782],[103.736579,1.354074],[103.736546,1.355316],[103.736953,1.356617],[103.737533,1.357454],[103.739819,1.359845],[103.744317,1.365371],[103.748486,1.369052],[103.745433,1.371759],[103.741821,1.372557],[103.740147,1.373063],[103.738369,1.373834],[103.734984,1.376394],[103.732667,1.378934],[103.729854,1.376438],[103.726805,1.373425],[103.724844,1.371961],[103.723,1.370841],[103.72134,1.370136],[103.715257,1.368262],[103.711577,1.367398],[103.710284,1.366932],[103.70866,1.36612],[103.706246,1.364348],[103.712553,1.358697],[103.714476,1.357179],[103.717887,1.355823],[103.72332,1.355426],[103.725061,1.355002],[103.726735,1.35431],[103.731325,1.351732],[103.732097,1.351114],[103.736618,1.346424],[103.737264,1.346003]]]}},{"type":"Feature","properties":{"planningAreaCode":"MD","planningAreaName":"MANDAI"},"geometry":{"type":"Polygon","coordinates":[[[103.824393,1.435055],[103.823488,1.435295],[103.822897,1.435696],[103.821205,1.437823],[103.819554,1.439562],[103.817475,1.441296],[103.814715,1.442988],[103.8117,1.444278],[103.811258,1.441729],[103.810527,1.440429],[103.794969,1.422566],[103.790266,1.425069],[103.788351,1.425804],[103.785212,1.426461],[103.782052,1.426537],[103.780774,1.426418],[103.778844,1.425981],[103.776223,1.424998],[103.77481,1.424236],[103.771266,1.421508],[103.771485,1.411453],[103.771682,1.409991],[103.772951,1.409924],[103.776036,1.410776],[103.777171,1.410877],[103.780132,1.410721],[103.783221,1.410903],[103.784963,1.41158],[103.787339,1.412228],[103.789559,1.412545],[103.796886,1.414985],[103.799857,1.415756],[103.802435,1.416214],[103.803428,1.415966],[103.805065,1.41467],[103.806129,1.414273],[103.806764,1.414327],[103.808913,1.415315],[103.810438,1.415417],[103.811111,1.415273],[103.814664,1.413703],[103.815252,1.413578],[103.820772,1.414255],[103.822314,1.413893],[103.82308,1.413411],[103.824879,1.420814],[103.825573,1.424872],[103.826492,1.426807],[103.826849,1.428252],[103.826609,1.432714],[103.825884,1.435363],[103.824393,1.435055]]]}},{"type":"Feature","properties":{"planningAreaCode":"BS","planningAreaName":"BISHAN"},"geometry":{"type":"Polygon","coordinates":[[[103.846547,1.363926],[103.841012,1.364612],[103.833068,1.367418],[103.831269,1.367769],[103.828334,1.367994],[103.828235,1.366463],[103.827566,1.364059],[103.827194,1.363628],[103.827105,1.362691],[103.826708,1.362735],[103.826698,1.362586],[103.825396,1.363306],[103.824528,1.361678],[103.824344,1.361776],[103.820694,1.361201],[103.819163,1.357447],[103.818537,1.35487],[103.819037,1.354181],[103.823547,1.352323],[103.826738,1.354194],[103.829819,1.353118],[103.832073,1.350817],[103.832069,1.350085],[103.832351,1.349797],[103.833198,1.349633],[103.833277,1.349412],[103.83384,1.349574],[103.833987,1.349142],[103.835611,1.34739],[103.835248,1.347318],[103.834558,1.347679],[103.835782,1.34629],[103.836779,1.346357],[103.837076,1.34346],[103.835925,1.342709],[103.83652,1.341996],[103.838954,1.343385],[103.840442,1.344799],[103.841374,1.345082],[103.842253,1.344937],[103.844499,1.343951],[103.848832,1.343951],[103.854304,1.343206],[103.860437,1.343403],[103.857169,1.352664],[103.856944,1.353775],[103.856863,1.355512],[103.855749,1.355933],[103.855217,1.356329],[103.854795,1.35678],[103.853242,1.359469],[103.849356,1.362682],[103.847617,1.363586],[103.846547,1.363926]]]}},{"type":"Feature","properties":{"planningAreaCode":"AM","planningAreaName":"ANG MO KIO"},"geometry":{"type":"Polygon","coordinates":[[[103.857207,1.396537],[103.855762,1.397512],[103.854477,1.397743],[103.853655,1.397614],[103.851862,1.396826],[103.850071,1.396469],[103.84494,1.396613],[103.842681,1.396437],[103.829735,1.393266],[103.827148,1.392935],[103.823405,1.393138],[103.818822,1.394341],[103.818749,1.393447],[103.817955,1.389931],[103.817987,1.389403],[103.818384,1.38862],[103.81807,1.388262],[103.81706,1.387719],[103.816736,1.38692],[103.816897,1.386586],[103.817362,1.386393],[103.818046,1.386685],[103.818746,1.386766],[103.819452,1.38535],[103.819341,1.383389],[103.817792,1.380636],[103.817775,1.380309],[103.81806,1.380159],[103.819592,1.380513],[103.820474,1.380541],[103.820871,1.380372],[103.821211,1.379825],[103.821644,1.379587],[103.822765,1.37972],[103.823508,1.378875],[103.823944,1.378651],[103.824289,1.378751],[103.825017,1.379478],[103.825713,1.379757],[103.827282,1.379094],[103.827682,1.37847],[103.827832,1.377408],[103.826913,1.376983],[103.826329,1.376331],[103.826586,1.374419],[103.8263,1.373513],[103.826562,1.373227],[103.827398,1.372962],[103.827827,1.372252],[103.827979,1.370604],[103.827376,1.369568],[103.827336,1.369235],[103.8283,1.367472],[103.828334,1.367994],[103.831935,1.367668],[103.833576,1.367268],[103.841012,1.364612],[103.84228,1.364352],[103.84599,1.364047],[103.847617,1.363586],[103.849356,1.362682],[103.851943,1.360653],[103.853392,1.359298],[103.854892,1.35665],[103.855749,1.355933],[103.856863,1.355512],[103.857391,1.358159],[103.860713,1.367517],[103.860927,1.369155],[103.860542,1.371048],[103.858914,1.375069],[103.858356,1.377663],[103.858384,1.383897],[103.858046,1.393168],[103.857664,1.395604],[103.857207,1.396537]]]}},{"type":"Feature","properties":{"planningAreaCode":"GL","planningAreaName":"GEYLANG"},"geometry":{"type":"Polygon","coordinates":[[[103.901502,1.309541],[103.906706,1.313323],[103.905232,1.316869],[103.904942,1.3193],[103.905849,1.326599],[103.905753,1.327643],[103.905471,1.328491],[103.904823,1.329453],[103.896176,1.337797],[103.895163,1.336704],[103.893738,1.335602],[103.892396,1.334816],[103.890607,1.334052],[103.886813,1.333058],[103.879804,1.331529],[103.868743,1.327819],[103.870662,1.32632],[103.874524,1.321194],[103.87519,1.320522],[103.875918,1.320074],[103.875117,1.318858],[103.874704,1.316364],[103.875016,1.313184],[103.876004,1.308789],[103.88096,1.306856],[103.8838,1.304539],[103.884349,1.305145],[103.885049,1.30546],[103.889684,1.306323],[103.890021,1.306625],[103.89012,1.306949],[103.889725,1.308589],[103.894618,1.309577],[103.899903,1.309464],[103.901502,1.309541]]]}},{"type":"Feature","properties":{"planningAreaCode":"PL","planningAreaName":"PAYA LEBAR"},"geometry":{"type":"Polygon","coordinates":[[[103.918536,1.38129],[103.917499,1.382365],[103.915398,1.379829],[103.910766,1.376779],[103.910015,1.375811],[103.909453,1.374651],[103.906219,1.364994],[103.901974,1.357157],[103.901709,1.357302],[103.90162,1.357155],[103.900081,1.356956],[103.899661,1.35617],[103.899135,1.356317],[103.898493,1.356204],[103.898165,1.35577],[103.897244,1.353587],[103.897001,1.353458],[103.895726,1.354008],[103.893497,1.348763],[103.893817,1.347833],[103.895369,1.347293],[103.895324,1.347188],[103.896191,1.346774],[103.898363,1.347437],[103.899032,1.345051],[103.899161,1.34347],[103.898675,1.341722],[103.89794,1.340357],[103.899332,1.339568],[103.902098,1.3387],[103.902331,1.339203],[103.907591,1.339165],[103.908445,1.340042],[103.908691,1.34054],[103.908527,1.341117],[103.908798,1.340894],[103.912995,1.344463],[103.915896,1.342275],[103.916934,1.343759],[103.919246,1.345718],[103.920092,1.346238],[103.924216,1.348042],[103.925294,1.348925],[103.930443,1.358267],[103.930826,1.359421],[103.930938,1.360684],[103.930931,1.36611],[103.930402,1.371859],[103.930712,1.373137],[103.931888,1.375782],[103.928509,1.377254],[103.92395,1.378376],[103.922216,1.378965],[103.920649,1.379698],[103.918536,1.38129]]]}},{"type":"Feature","properties":{"planningAreaCode":"YS","planningAreaName":"YISHUN"},"geometry":{"type":"Polygon","coordinates":[[[103.86197,1.424478],[103.854087,1.42808],[103.852183,1.429499],[103.846825,1.434732],[103.846181,1.435745],[103.845504,1.437646],[103.844833,1.438955],[103.844146,1.439743],[103.84139,1.442005],[103.838323,1.444029],[103.836694,1.445616],[103.830315,1.441626],[103.82905,1.437974],[103.827757,1.436496],[103.825797,1.435672],[103.826609,1.432714],[103.826849,1.428252],[103.826492,1.426807],[103.825573,1.424872],[103.824879,1.420814],[103.82308,1.413411],[103.822314,1.413893],[103.820772,1.414255],[103.815252,1.413578],[103.814664,1.413703],[103.811111,1.415273],[103.810438,1.415417],[103.80876,1.415273],[103.806764,1.414327],[103.805777,1.414355],[103.808754,1.40696],[103.811809,1.402726],[103.812996,1.400356],[103.81391,1.397826],[103.81453,1.396669],[103.815634,1.395572],[103.816443,1.395096],[103.823405,1.393138],[103.826879,1.392923],[103.829735,1.393266],[103.842681,1.396437],[103.84494,1.396613],[103.850071,1.396469],[103.851036,1.396602],[103.852388,1.397088],[103.854771,1.398771],[103.855362,1.399408],[103.855626,1.400005],[103.85571,1.400761],[103.85563,1.40125],[103.854867,1.402692],[103.854811,1.40412],[103.855057,1.404873],[103.855537,1.40557],[103.859649,1.408534],[103.860886,1.409785],[103.861638,1.411321],[103.861785,1.412099],[103.861815,1.413571],[103.861429,1.416064],[103.861699,1.417659],[103.862059,1.418586],[103.864221,1.422099],[103.867422,1.424983],[103.864267,1.426649],[103.86197,1.424478]]]}}]}
